G0A1A0;46.819;-71.969;"stoneham-et-tewkesbury"
G0A1A1;47.344;-71.41;"saint-alban"
G0A1A2;46.795;-71.961;"saint-alban"
G0A1A3;47.344;-71.41;"saint-alban"
G0A1A4;47.344;-71.41;"saint-alban"
G0A1A5;47.344;-71.41;"saint-alban"
G0A1A6;47.344;-71.41;"saint-alban"
G0A1A7;47.344;-71.41;"saint-alban"
G0A1A8;47.344;-71.41;"saint-alban"
G0A1A9;47.344;-71.41;"saint-alban"
G0A1B0;47.475;-70.526;"saint-raymond"
G0A1B1;47.344;-71.41;"saint-alban"
G0A1B2;47.344;-71.41;"saint-alban"
G0A1B3;47.344;-71.41;"saint-alban"
G0A1B4;47.344;-71.41;"saint-alban"
G0A1B5;47.344;-71.41;"saint-alban"
G0A1B6;47.344;-71.41;"saint-alban"
G0A1B7;47.344;-71.41;"saint-alban"
G0A1B8;47.344;-71.41;"saint-alban"
G0A1B9;47.344;-71.41;"saint-alban"
G0A1C0;47.02;-70.921;"basilique-ste-anne"
G0A1C1;47.344;-71.41;"saint-alban"
G0A1C2;47.344;-71.41;"saint-alban"
G0A1C3;47.344;-71.41;"saint-alban"
G0A1C4;47.344;-71.41;"saint-alban"
G0A1C5;47.344;-71.41;"saint-alban"
G0A1C6;47.344;-71.41;"saint-alban"
G0A1C7;47.344;-71.41;"saint-alban"
G0A1C8;47.344;-71.41;"saint-alban"
G0A1C9;47.344;-71.41;"saint-alban"
G0A1D0;47.344;-71.41;"saint-alban"
G0A1D1;47.344;-71.41;"saint-alban"
G0A1D2;47.344;-71.41;"saint-alban"
G0A1D3;47.344;-71.41;"saint-alban"
G0A1D4;47.344;-71.41;"saint-alban"
G0A1D5;47.344;-71.41;"saint-alban"
G0A1D6;47.344;-71.41;"saint-alban"
G0A1D7;47.344;-71.41;"saint-alban"
G0A1D8;47.344;-71.41;"saint-alban"
G0A1D9;47.344;-71.41;"saint-alban"
G0A1E0;47.049;-70.891;"beaupr"
G0A1E1;47.344;-71.41;"saint-alban"
G0A1E2;47.344;-71.41;"saint-alban"
G0A1E3;47.344;-71.41;"saint-alban"
G0A1E4;47.344;-71.41;"saint-alban"
G0A1E5;47.344;-71.41;"saint-alban"
G0A1E6;47.344;-71.41;"saint-alban"
G0A1E7;47.344;-71.41;"saint-alban"
G0A1E8;47.344;-71.41;"saint-alban"
G0A1E9;47.344;-71.41;"saint-alban"
G0A1F0;47.344;-71.41;"saint-alban"
G0A1F1;47.344;-71.41;"saint-alban"
G0A1F2;47.344;-71.41;"saint-alban"
G0A1F3;47.344;-71.41;"saint-alban"
G0A1F4;47.344;-71.41;"saint-alban"
G0A1F5;47.344;-71.41;"saint-alban"
G0A1F6;47.344;-71.41;"saint-alban"
G0A1F7;47.344;-71.41;"saint-alban"
G0A1F8;47.344;-71.41;"saint-alban"
G0A1F9;47.344;-71.41;"saint-alban"
G0A1G0;46.841;-71.425;"val-belair"
G0A1G1;47.344;-71.41;"saint-alban"
G0A1G2;47.344;-71.41;"saint-alban"
G0A1G3;47.344;-71.41;"saint-alban"
G0A1G4;47.344;-71.41;"saint-alban"
G0A1G5;47.344;-71.41;"saint-alban"
G0A1G6;47.344;-71.41;"saint-alban"
G0A1G7;47.344;-71.41;"saint-alban"
G0A1G8;47.344;-71.41;"saint-alban"
G0A1G9;47.344;-71.41;"saint-alban"
G0A1H0;46.902;-71.146;"boischatel"
G0A1H1;47.344;-71.41;"saint-alban"
G0A1H2;47.344;-71.41;"saint-alban"
G0A1H3;47.344;-71.41;"saint-alban"
G0A1H4;47.344;-71.41;"saint-alban"
G0A1H5;47.344;-71.41;"saint-alban"
G0A1H6;47.344;-71.41;"saint-alban"
G0A1H7;47.344;-71.41;"saint-alban"
G0A1H8;47.344;-71.41;"saint-alban"
G0A1H9;47.344;-71.41;"saint-alban"
G0A1J0;46.86;-71.452;"bon pasteur"
G0A1J1;47.344;-71.41;"saint-alban"
G0A1J2;47.344;-71.41;"saint-alban"
G0A1J3;47.344;-71.41;"saint-alban"
G0A1J4;47.344;-71.41;"saint-alban"
G0A1J5;47.344;-71.41;"saint-alban"
G0A1J6;47.344;-71.41;"saint-alban"
G0A1J7;47.344;-71.41;"saint-alban"
G0A1J8;47.344;-71.41;"saint-alban"
G0A1J9;47.344;-71.41;"saint-alban"
G0A1K0;46.896;-71.134;"cap-rouge"
G0A1K1;47.344;-71.41;"saint-alban"
G0A1K2;47.344;-71.41;"saint-alban"
G0A1K3;47.344;-71.41;"saint-alban"
G0A1K4;47.344;-71.41;"saint-alban"
G0A1K5;47.344;-71.41;"saint-alban"
G0A1K6;47.344;-71.41;"saint-alban"
G0A1K7;47.344;-71.41;"saint-alban"
G0A1K8;47.344;-71.41;"saint-alban"
G0A1K9;47.344;-71.41;"saint-alban"
G0A1L0;46.694;-71.777;"pont-rouge"
G0A1L1;47.023;-71.181;"saint-alban"
G0A1L2;47.344;-71.41;"saint-alban"
G0A1L3;47.344;-71.41;"saint-alban"
G0A1L4;47.344;-71.41;"saint-alban"
G0A1L5;47.344;-71.41;"saint-alban"
G0A1L6;47.344;-71.41;"saint-alban"
G0A1L7;47.344;-71.41;"saint-alban"
G0A1L8;47.344;-71.41;"saint-alban"
G0A1L9;47.344;-71.41;"saint-alban"
G0A1M0;47.427;-71.85;"saint-raymond"
G0A1M1;47.344;-71.41;"saint-alban"
G0A1M2;47.344;-71.41;"saint-alban"
G0A1M3;47.344;-71.41;"saint-alban"
G0A1M4;47.344;-71.41;"saint-alban"
G0A1M5;47.344;-71.41;"saint-alban"
G0A1M6;47.344;-71.41;"saint-alban"
G0A1M7;47.344;-71.41;"saint-alban"
G0A1M8;47.344;-71.41;"saint-alban"
G0A1M9;47.344;-71.41;"saint-alban"
G0A1N0;46.981;-71.02;"chateau-richer"
G0A1N1;47.344;-71.41;"saint-alban"
G0A1N2;47.344;-71.41;"saint-alban"
G0A1N3;47.344;-71.41;"saint-alban"
G0A1N4;47.344;-71.41;"saint-alban"
G0A1N5;47.344;-71.41;"saint-alban"
G0A1N6;47.344;-71.41;"saint-alban"
G0A1N7;47.344;-71.41;"saint-alban"
G0A1N8;47.344;-71.41;"saint-alban"
G0A1N9;47.344;-71.41;"saint-alban"
G0A1P0;47.427;-71.85;"saint-raymond"
G0A1P1;47.344;-71.41;"saint-alban"
G0A1P2;47.344;-71.41;"saint-alban"
G0A1P3;47.344;-71.41;"saint-alban"
G0A1P4;47.344;-71.41;"saint-alban"
G0A1P5;47.344;-71.41;"saint-alban"
G0A1P6;47.344;-71.41;"saint-alban"
G0A1P7;47.344;-71.41;"saint-alban"
G0A1P8;47.344;-71.41;"saint-alban"
G0A1P9;47.344;-71.41;"saint-alban"
G0A1Q0;47.344;-71.41;"saint-alban"
G0A1Q1;47.344;-71.41;"saint-alban"
G0A1Q2;47.344;-71.41;"saint-alban"
G0A1Q3;47.344;-71.41;"saint-alban"
G0A1Q4;47.344;-71.41;"saint-alban"
G0A1Q5;47.344;-71.41;"saint-alban"
G0A1Q6;47.344;-71.41;"saint-alban"
G0A1Q7;47.344;-71.41;"saint-alban"
G0A1Q8;47.344;-71.41;"saint-alban"
G0A1Q9;47.344;-71.41;"saint-alban"
G0A1R0;46.916;-71.479;"courcelette"
G0A1R1;46.892;-71.505;"courcelette"
G0A1R2;46.883;-71.495;"courcelette"
G0A1R3;47.344;-71.41;"saint-alban"
G0A1R4;47.344;-71.41;"saint-alban"
G0A1R5;47.344;-71.41;"saint-alban"
G0A1R6;47.344;-71.41;"saint-alban"
G0A1R7;47.344;-71.41;"saint-alban"
G0A1R8;47.344;-71.41;"saint-alban"
G0A1R9;47.344;-71.41;"saint-alban"
G0A1S0;46.647;-71.958;"deschambault-grondines"
G0A1S1;47.344;-71.41;"saint-alban"
G0A1S2;47.344;-71.41;"saint-alban"
G0A1S3;47.344;-71.41;"saint-alban"
G0A1S4;47.344;-71.41;"saint-alban"
G0A1S5;47.344;-71.41;"saint-alban"
G0A1S6;47.344;-71.41;"saint-alban"
G0A1S7;47.344;-71.41;"saint-alban"
G0A1S8;47.344;-71.41;"saint-alban"
G0A1S9;47.344;-71.41;"saint-alban"
G0A1T0;46.675;-71.736;"saint-raymond"
G0A1T1;47.344;-71.41;"saint-alban"
G0A1T2;47.344;-71.41;"saint-alban"
G0A1T3;47.344;-71.41;"saint-alban"
G0A1T4;47.344;-71.41;"saint-alban"
G0A1T5;47.344;-71.41;"saint-alban"
G0A1T6;47.344;-71.41;"saint-alban"
G0A1T7;47.344;-71.41;"saint-alban"
G0A1T8;47.344;-71.41;"saint-alban"
G0A1T9;47.344;-71.41;"saint-alban"
G0A1U0;47.344;-71.41;"saint-alban"
G0A1U1;47.344;-71.41;"saint-alban"
G0A1U2;47.344;-71.41;"saint-alban"
G0A1U3;47.344;-71.41;"saint-alban"
G0A1U4;47.344;-71.41;"saint-alban"
G0A1U5;47.344;-71.41;"saint-alban"
G0A1U6;47.344;-71.41;"saint-alban"
G0A1U7;47.344;-71.41;"saint-alban"
G0A1U8;47.344;-71.41;"saint-alban"
G0A1U9;47.344;-71.41;"saint-alban"
G0A1V0;46.872;-71.365;"wendake"
G0A1V1;47.344;-71.41;"saint-alban"
G0A1V2;47.344;-71.41;"saint-alban"
G0A1W0;46.607;-72.031;"grondines"
G0A1X0;47.401;-70.407;"isle-aux-coudres"
G0A1Y0;46.713;-71.727;"saint-raymond"
G0A1Y9;47.344;-71.41;"saint-alban"
G0A1Z0;47.427;-71.85;"saint-raymond"
G0A2A0;47.39;-70.367;"la baleine"
G0A2B0;47.427;-71.85;"saint-raymond"
G0A2C0;46.959;-71.292;"lac-beauport"
G0A2E0;47.427;-71.85;"saint-raymond"
G0A2G0;47.427;-71.85;"saint-raymond"
G0A2H0;46.829;-71.236;"saint-raymond"
G0A2J0;46.865;-71.725;"saint-raymond"
G0A2K0;46.901;-71.171;"quebec"
G0A2K1;47.688;-73.529;"wemotaci"
G0A2L0;47.329;-70.562;"petite-riviere-saint-francois"
G0A2M0;47.492;-70.328;"les eboulements"
G0A2N0;46.674;-71.694;"saint-raymond"
G0A2P0;47.427;-71.85;"saint-raymond"
G0A2R0;46.713;-71.594;"pont-rouge"
G0A2S0;46.896;-71.307;"charlesbourg"
G0A2T0;47.427;-71.85;"saint-raymond"
G0A2V0;47.427;-71.85;"saint-raymond"
G0A2W0;46.927;-71.645;"plage germain"
G0A2X0;46.756;-71.693;"pont-rouge"
G0A2Y0;46.725;-71.921;"portneuf"
G0A2Z0;46.713;-71.885;"saint-raymond"
G0A3A0;47.297;-70.662;"saint-basile"
G0A3B0;46.721;-72.078;"pont-rouge"
G0A3C0;47.023;-70.933;""
G0A3E0;47.427;-71.85;"saint-raymond"
G0A3G0;46.756;-71.826;"saint-basile"
G0A3H0;46.734;-71.805;"saint-raymond"
G0A3J0;47.423;-70.367;"courcelette"
G0A3K0;47.001;-71.196;"sainte-brigitte-de-laval"
G0A3L0;46.657;-72.14;"saint-casimir"
G0A3M0;46.845;-71.62;"plage germain"
G0A3N0;46.88;-71.331;"st-emile-de-quebec"
G0A3P0;46.969;-70.961;"sainte-famille"
G0A3R0;47.118;-70.86;"saint-ferreol-les-neiges"
G0A3S0;47.01;-70.816;"quebec"
G0A3S5;47.297;-71.367;"saint-alban"
G0A3T0;46.714;-71.997;"saint-gilbert"
G0A3V0;47.576;-70.41;"saint-hilarion"
G0A3W0;46.925;-70.888;"quebec"
G0A3X0;46.466;-72.353;"st-joachim-de-montmorency"
G0A3Y0;47.456;-70.366;"quebec"
G0A3Z0;46.86;-71.016;"levis"
G0A4A0;46.891;-71.929;"saint-leonard-de-portneuf"
G0A4B0;46.683;-72.053;"saint-marc-des-carrieres"
G0A4C0;46.854;-71.115;"quebec"
G0A4E0;46.887;-71.068;"royal"
G0A4G0;46.88;-71.822;"saint-raymond"
G0A4H0;46.707;-72.165;"saint-thuribe"
G0A4J0;47.141;-70.769;"saint-ferreol-les-neiges"
G0A4K0;47.558;-70.54;"quebec"
G0A4L0;46.757;-72.272;"saint-ubalde"
G0A4M0;47.427;-71.85;"saint-raymond"
G0A4N0;46.892;-71.536;"shannon"
G0A4N1;46.876;-71.518;"courcelette"
G0A4O0;47.427;-71.85;"saint-raymond"
G0A4P0;47.01;-71.367;"lac-delage"
G0A4P3;47.041;-71.318;"stoneham-et-tewkesbury"
G0A4R0;47.035;-71.05;"chateau-richer"
G0A4S0;46.963;-71.476;"saint-gabriel-de-valcartier"
G0A4T0;46.852;-71.419;"val-st-michel"
G0A4V0;46.863;-71.358;"wendake"
G0A4W0;46.924;-71.449;"valcartier"
G0A4X0;46.841;-71.425;"val-belair"
G0A4Y0;46.872;-71.365;"val-belair"
G0A4Z0;46.932;-71.462;"lac-beauport"
G0A5A0;47.427;-71.85;"saint-raymond"
G0A7V0;46.858;-71.352;"loretteville"
G0A8E0;47.688;-73.529;"wemotaci"
G0B0R6;47.802;-61.439;"grosse-ile"
G0B1A0;47.22;-61.95;"bassin"
G0B1B0;47.374;-61.873;"cap-aux-meules"
G0B1C0;47.279;-61.697;"entry island"
G0B1E0;47.364;-61.886;"l'etang-du-nord"
G0B1G0;47.403;-61.886;"fatima"
G0B1H0;47.555;-61.537;"grande-entree"
G0B1J0;47.244;-61.902;"havre-aubert"
G0B1K0;47.407;-61.795;"havre-aux-maisons"
G0B1L0;45.255;-71.806;"la verniere"
G0B1M0;47.621;-61.545;"grosse-ile"
G0B1N0;47.23;-61.954;"millerand"
G0B1P0;47.524;-61.718;"pointe-aux-loups"
G0B1V0;47.802;-61.439;"grosse-ile"
G0B1W0;47.109;-61.814;"havre-aubert"
G0B1X5;47.109;-61.814;"havre-aubert"
G0B2C0;47.109;-61.814;"havre-aubert"
G0B2H0;45.632;-72.113;"cleveland"
G0B2S0;47.109;-61.814;"havre-aubert"
G0B6G4;47.109;-61.814;"havre-aubert"
G0B6Y9;47.109;-61.814;"havre-aubert"
G0C1A0;48.611;-64.303;"perce"
G0C1B0;48.414;-65.052;"sept-iles"
G0C1C0;48.153;-65.826;"new richmond"
G0C1E0;48.051;-65.472;"bonaventure"
G0C1E9;48.414;-65.052;"beauport"
G0C1G0;48.437;-64.356;"perc"
G0C1H0;48.11;-65.671;"caplan"
G0C1I0;48.414;-65.052;"sept-iles"
G0C1J0;48.11;-66.158;"carleton-sur-mer"
G0C1K0;48.35;-64.683;"chandler"
G0C1L0;48.034;-66.699;"pointe-a-la-croix"
G0C1M0;48.414;-65.052;"sept-iles"
G0C1N0;48.126;-66.487;"escuminac"
G0C1P0;48.195;-64.881;"gascons"
G0C1R0;48.834;-64.487;"sept-iles"
G0C1S0;48.414;-65.052;"sept-iles"
G0C1T0;48.25;-65.913;"cascapedia-saint-jules"
G0C1V0;48.395;-64.521;"bonaventure"
G0C1W0;48.394;-64.533;"grande-riviere"
G0C1X0;48.104;-66.699;"pointe-a-la-croix"
G0C1Y0;48.182;-65.98;"maria"
G0C1Z0;48.011;-65.331;"bonaventure"
G0C2A0;48.257;-64.757;"chandler"
G0C2B0;48.169;-65.827;"new richmond"
G0C2C0;48.414;-65.052;"sept-iles"
G0C2E0;48.13;-66.327;"sept-iles"
G0C2G0;48.156;-66.38;"nouvelle"
G0C2H0;48.365;-64.639;"grande-riviere"
G0C2J0;48.326;-64.716;"chandler"
G0C2K0;48.038;-65.26;"hope"
G0C2L0;48.505;-64.264;"perc"
G0C2M0;48.09;-66.398;"pointe-a-la-garde"
G0C2N0;48.186;-64.95;"port-daniel"
G0C2P0;48.414;-65.052;"sept-iles"
G0C2R0;48.016;-66.706;"listuguj"
G0C2S0;48.057;-65.254;"paspebiac"
G0C2T0;48.083;-65.652;"new richmond"
G0C2V0;48.187;-65.62;"caplan"
G0C2W0;48.158;-65.409;"hope"
G0C2X0;48.668;-64.252;"perce"
G0C2Y0;48.152;-65.263;"saint-godefroi"
G0C2Z0;48.106;-66.087;"carleton"
G0C3A0;48.078;-65.568;"bonaventure"
G0C3B0;48.405;-64.465;"sainte-therese-de-gaspe"
G0C3C0;48.093;-65.117;"shigawake"
G0C3E0;48.119;-65.055;"shigawake"
G0C3G0;48.511;-64.408;"perce"
G0C3H0;48.374;-64.694;"chandler"
G0C3J0;48.414;-65.052;"sept-iles"
G0C4J0;48.493;-65.938;"cascapedia"
G0E1A0;48.899;-65.685;"murdochville"
G0E1B0;46.206;-70.451;"murdochville"
G0E1C0;49.194;-66.233;"cap-au-renard"
G0E1E0;48.899;-65.685;"murdochville"
G0E1G0;49.176;-64.842;"cloridorme"
G0E1H0;46.206;-70.451;"murdochville"
G0E1J0;46.206;-70.451;"murdochville"
G0E1K0;49.202;-65.147;"grande-vallee"
G0E1L0;49.251;-65.546;"gros-morne"
G0E1M0;46.206;-70.451;"murdochville"
G0E1N0;46.206;-70.451;"murdochville"
G0E1P0;49.247;-65.371;"madeleine-centre"
G0E1R0;49.202;-66.121;"manche-d'epee"
G0E1S0;49.212;-66.069;"marsoui"
G0E1T0;49.228;-65.73;"mont-louis"
G0E1V0;49.218;-65.807;"mont-saint-pierre"
G0E1W0;48.959;-65.499;"murdochville"
G0E1X0;46.206;-70.451;"murdochville"
G0E1Y0;49.218;-65.034;"petite-vallee"
G0E1Z0;49.219;-65.904;"riviere-a-claude"
G0E2A0;48.899;-65.685;"murdochville"
G0E2B0;49.232;-65.291;"riviere-madeleine"
G0E2C0;49.223;-65.97;"ruisseau-a-rebours"
G0E2E0;49.235;-65.676;"l'anse-pleureuse"
G0E2G0;49.123;-66.498;"murdochville"
G0E2H0;49.197;-66.175;"la martre"
G0E2J0;48.899;-65.685;"murdochville"
G0E2K0;48.899;-65.685;"murdochville"
G0E2V0;49.119;-66.485;"sainte-anne-des-monts"
G0E2Y0;48.95;-65.716;"murdochville"
G0E3R4;48.933;-65.71;"murdochville"
G0E3X0;47.426;-69.943;"saint-pacome"
G0E4B0;48.899;-65.685;"murdochville"
G0G0A6;52.209;-63.573;"mont-valin"
G0G0G0;52.209;-63.573;"mont-valin"
G0G1A0;50.217;-62.09;"aguanish"
G0G1B0;50.29;-62.791;"baie-johan-beetz"
G0G1C0;51.427;-57.127;"blanc-sablon"
G0G1E0;50.18;-61.816;"natashquan"
G0G1G0;50.446;-59.605;"chevery"
G0G1G4;52.189;-63.548;""
G0G1H0;50.177;-66.612;"sept-iles"
G0G1J0;52.792;-67.093;"fermont"
G0G1K0;52.537;-68.923;""
G0G1L0;50.131;-66.65;"gallix"
G0G1M0;50.214;-60.656;"gethsemani"
G0G1N0;50.446;-59.605;"harrington harbour"
G0G1P0;50.238;-63.595;"havre-saint-pierre"
G0G1R0;50.22;-62.018;"aguanish"
G0G1S0;52.791;-67.092;"fermont"
G0G1T0;50.712;-59.303;"gros-mã©catina"
G0G1V0;50.291;-64.116;"longue-pointe-de-mingan"
G0G1W0;51.412;-57.203;"lourdes-de-blanc-sablon"
G0G1X0;50.31;-64.498;"riviere-saint-jean"
G0G1Y0;50.033;-66.087;"sept-iles"
G0G1Z0;51.474;-57.7;"middle bay"
G0G2A0;50.297;-64.042;"mingan"
G0G2B0;50.222;-66.106;"sept-iles"
G0G2B8;50.286;-65.974;"sept-iles"
G0G2C0;50.712;-59.303;"gros-mã©catina"
G0G2E0;50.159;-61.803;"natashquan"
G0G2E2;50.127;-61.799;"natashquan"
G0G2G0;51.428;-57.831;"old fort bay"
G0G2H0;50.153;-61.865;"natashquan"
G0G2I5;52.537;-68.923;""
G0G2J0;52.537;-68.923;""
G0G2K0;52.537;-68.923;""
G0G2L0;50.275;-64.788;"riviere-au-tonnerre"
G0G2M0;50.16;-66.656;"sept-iles"
G0G2N0;50.292;-64.332;"riviere-saint-jean"
G0G2P0;51.474;-57.709;""
G0G2R0;48.43;-71.069;"chicoutimi"
G0G2S0;52.537;-68.923;""
G0G2T0;54.8;-66.821;"schefferville"
G0G2V0;50.267;-64.904;"sheldrake"
G0G2W0;50.712;-59.303;""
G0G2X0;50.166;-65.807;"sept-iles"
G0G2Y0;49.825;-64.349;"port-menier"
G0G2Z0;54.903;-66.802;"kawawachikamach"
G0G3X2;50.925;-64.621;""
G0G7Y7;52.537;-68.923;""
G0H1A0;49.425;-67.29;"baie-trinite"
G0H1B0;48.945;-68.646;"betsiamites"
G0H1C0;49.124;-68.395;"chute-aux-outardes"
G0H1E0;49.267;-67.95;"franquelin"
G0H1G0;49.324;-67.597;"godbout"
G0H1H0;49.093;-68.388;"pointe-aux-outardes"
G0H1J0;49.67;-67.697;"riviere-pentecote"
G0H1K0;48.373;-69.382;"riviere-pentecote"
G0H1L0;49.67;-67.697;"riviere-pentecote"
G0H1M0;49.08;-68.39;"pointe-aux-outardes"
G0H1N0;49.167;-68.275;"pointe-lebel"
G0H1P0;48.863;-68.865;"colombier"
G0H1R0;49.755;-67.159;"riviere-pentecote"
G0H1S0;49.084;-68.471;"chute-aux-outardes"
G0H1T0;49.214;-68.194;"riviere-pentecote"
G0H1W0;49.67;-67.697;"riviere-pentecote"
G0H1Y0;49.67;-67.697;"riviere-pentecote"
G0H2A0;49.67;-67.697;"riviere-pentecote"
G0H2H0;49.67;-67.697;"riviere-pentecote"
G0H2Y6;49.67;-67.697;"riviere-pentecote"
G0H2Z0;46.711;-71.88;"portneuf"
G0H3H0;49.67;-67.697;"riviere-pentecote"
G0H3M0;49.67;-67.697;"riviere-pentecote"
G0H3R0;49.67;-67.697;"riviere-pentecote"
G0I1G0;49.1;-66.668;"cap-chat"
G0J0A4;46.842;-71.537;"quebec"
G0J0S0;49.028;-66.921;"les mechins"
G0J1A0;48.324;-67.362;"albertville"
G0J1B0;48.464;-67.441;"amqui"
G0J1C0;48.722;-67.888;"baie-des-sables"
G0J1E0;49.095;-66.677;"cap-chat"
G0J1G0;49.089;-66.649;"cap-chat"
G0J1H0;49.049;-66.844;"capucins"
G0J1J0;48.359;-67.232;"causapscal"
G0J1K0;48.939;-67.171;"grosses-roches"
G0J1L0;48.522;-67.08;"causapscal"
G0J1M0;48.422;-67.351;"lac-au-saumon"
G0J1N0;48.322;-67.572;"lac-humqui"
G0J1P0;48.439;-67.889;"la redemption"
G0J1R0;47.928;-67.247;"causapscal"
G0J1S0;48.67;-67.983;""
G0J1T0;49.006;-66.963;"les mechins"
G0J1V0;47.975;-66.954;"campbellton"
G0J1W0;48.672;-68.004;"metis-sur-mer"
G0J1X0;48.581;-67.995;"padoue"
G0J1Y0;48.864;-67.453;"petit-matane"
G0J1Z0;48.603;-68.124;"price"
G0J2A0;48.198;-67.188;"sainte-florence"
G0J2B0;48.82;-67.304;"saint-adelme"
G0J2C0;48.473;-67.312;"saint-alexandre-des-lacs"
G0J2E0;47.98;-67.062;"saint-alexis-de-matapedia"
G0J2G0;48.01;-67.008;"saint-andre-de-restigouche"
G0J2H0;48.524;-68.083;"sainte-angele-de-merici"
G0J2J0;48.671;-67.816;"saint-damase"
G0J2K0;48.888;-67.317;"sainte-felicite"
G0J2L0;48.613;-68.201;"st-jean-baptiste"
G0J2M0;48.263;-67.237;"sainte-florence"
G0J2N0;47.983;-67.166;"saint-francois-d'assise"
G0J2P0;48.463;-67.649;"ste-irene-de-matapedia"
G0J2P5;48.466;-67.431;"amqui"
G0J2R0;48.855;-67.125;"saint-jean-de-cherbourg"
G0J2S0;47.956;-67.21;"saint-francois-d'assise"
G0J2T0;48.488;-67.849;"ste-jeanne-d'arc-de-matane"
G0J2V0;48.734;-67.601;"saint-leandre"
G0J2W0;48.359;-67.541;"saint-leon-le-grand"
G0J2W8;48.503;-67.222;"st-tharcisius"
G0J2X0;48.777;-67.492;"matane"
G0J2Y0;48.314;-67.087;"sainte-marguerite-marie"
G0J2Z0;48.547;-67.843;""
G0J3A0;48.602;-67.83;"st-noel"
G0J3B0;48.611;-68.06;"st-octave"
G0J3C0;48.666;-67.57;"sainte-paule"
G0J3E0;48.706;-67.386;"matane"
G0J3G0;48.535;-67.325;"saint-tharcisius"
G0J3H0;48.787;-67.699;"saint-ulric"
G0J3J0;48.61;-67.405;"saint-vianney"
G0J3K0;48.557;-67.693;"saint-cleophas"
G0J3K3;48.495;-67.748;"sayabec"
G0J3L0;48.532;-67.554;"val-brillant"
G0J3M0;48.522;-67.08;"causapscal"
G0J3N0;48.498;-67.746;"saint-cleophas"
G0J3P0;48.469;-67.421;"amqui"
G0J3W0;48.522;-67.08;"causapscal"
G0K1A0;48.094;-68.527;"esprit-saint"
G0K1B0;48.129;-68.467;"la trinite-des-monts"
G0K1C0;48.373;-68.113;"les hauteurs"
G0K1E0;48.254;-67.706;"rimouski"
G0K1G0;48.177;-68.266;"rimouski"
G0K1H0;48.467;-68.43;"rimouski"
G0K1J0;48.373;-68.501;"sainte-blandine"
G0K1K0;48.342;-68.033;"saint-charles-garnier"
G0K1L0;48.48;-68.222;"saint-donat"
G0K1M0;48.431;-68.166;"saint-donat"
G0K1N0;48.177;-68.266;"rimouski"
G0K1P0;48.535;-68.364;"sainte-luce"
G0K1R0;48.354;-68.269;"saint-marcellin"
G0K1S0;48.282;-68.427;"rimouski"
G0K1T0;47.943;-68.607;"biencourt"
G0K1V0;47.99;-68.679;"lac-des-aigles"
G0K1W0;48.026;-68.778;"saint-guy"
G0K1X0;48.177;-68.266;"sainte-blandine"
G0K1Z0;47.37;-70.036;"la pocatiere"
G0K2Y0;48.269;-68.236;"esprit-saint"
G0K3A4;46.807;-71.227;"quebec"
G0K3J0;48.177;-68.266;"rimouski"
G0K3V0;47.573;-70.405;"saint-hilarion"
G0K4K0;48.28;-68.211;"saint-gabriel"
G0L0K0;47.817;-69.25;"st-gabriel-de-kamouraska"
G0L1A0;47.73;-68.635;"auclair"
G0L1B0;48.375;-68.692;"le bic"
G0L1C0;47.922;-69.093;"saint-clement"
G0L1E0;47.683;-68.888;"cabano"
G0L1G0;47.913;-69.497;"cacouna"
G0L1H0;47.903;-69.321;"degelis"
G0L1J0;47.475;-69.23;""
G0L1K0;48.013;-69.328;"l'isle-verte"
G0L1L0;47.995;-69.354;"l'isle-verte"
G0L1M0;47.553;-69.864;"kamouraska"
G0L1N0;47.922;-69.093;"saint-clement"
G0L1O0;47.922;-69.496;"cacouna"
G0L1P0;48.25;-68.8;"saint-fabien"
G0L1R0;47.805;-69.166;"st-gabriel-de-kamouraska"
G0L1S0;47.806;-68.581;"lejeune"
G0L1T0;47.388;-68.895;"saint-marc-du-lac-long"
G0L1V0;47.661;-68.698;"lots-renverses"
G0L1W0;47.433;-69.848;"mont-carmel"
G0L1X0;47.609;-68.796;"l'isle-verte"
G0L1Y0;47.773;-69.603;"riviere-du-loup"
G0L1Z0;47.468;-68.784;"notre-dame-du-lac"
G0L2A0;47.837;-69.539;"riviere-du-loup"
G0L2B0;47.501;-69.208;"riviere-bleue"
G0L2C0;47.448;-70.012;"riviere-ouelle"
G0L2E0;48.093;-69.22;"trois-pistoles"
G0L2G0;47.678;-69.616;"saint-alexandre-de-kamouraska"
G0L2H0;47.659;-69.73;"saint-andre-de-kamouraska"
G0L2J0;47.765;-69.474;"riviere-du-loup"
G0L2K0;47.903;-69.413;"saint-arsene"
G0L2L0;47.441;-69.403;"st-athanase"
G0L2M0;47.47;-69.761;"saint-bruno-de-kamouraska"
G0L2N0;47.923;-69.096;"saint-clement"
G0L2P0;47.898;-69.022;"saint-cyprien"
G0L2R0;47.499;-69.949;"saint-denis-de-la-bouteillerie"
G0L2S0;47.922;-69.093;"saint-clement"
G0L2T0;47.478;-69.268;"saint-clement"
G0L2V0;48.043;-69.227;"st-eloi"
G0L2W0;47.603;-69.081;"saint-louis-du-ha-ha"
G0L2X0;47.9;-69.324;"saint-epiphane"
G0L2Y0;47.544;-68.924;"st-eusebe"
G0L2Z0;48.292;-68.873;"saint-fabien"
G0L3A0;47.922;-69.093;"saint-clement"
G0L3B0;48.091;-69.065;"sainte-francoise"
G0L3C0;47.855;-69.23;"saint-francois-xavier-de-viger"
G0L3E0;47.621;-69.527;"st-gabriel-de-kamouraska"
G0L3G0;47.59;-69.789;"saint-germain"
G0L3H0;47.922;-69.093;"saint-clement"
G0L3J0;47.589;-69.73;"saint-pascal"
G0L3K0;47.709;-69.135;"saint-honore-de-temiscouata"
G0L3L0;47.811;-69.156;"st-gabriel-de-kamouraska"
G0L3M0;48.001;-69.046;"sainte-helene-de-kamouraska"
G0L3N0;47.414;-68.702;"degelis"
G0L3P0;47.613;-69.64;"saint-joseph-de-kamouraska"
G0L3R0;47.65;-68.765;"st-juste-du-lac"
G0L3S0;47.67;-68.978;"cabano"
G0L3T0;48.177;-68.992;"saint-mathieu-de-rioux"
G0L3V0;48.057;-68.886;"saint-medard"
G0L3W0;47.83;-69.406;"riviere-du-loup"
G0L3X0;47.408;-69.953;"saint-pacome"
G0L3Y0;47.526;-69.802;"st-pascal"
G0L3Z0;47.957;-69.165;"saint-paul-de-la-croix"
G0L4A0;47.465;-69.886;"saint-philippe-de-neri"
G0L4B0;47.787;-69.036;"saint-pierre-de-lamy"
G0L4C0;48.202;-69.039;"saint-simon-de-rimouski"
G0L4E0;48.331;-68.655;"saint-valerien-de-rimouski"
G0L4G0;47.94;-68.884;"squatec"
G0L4H0;47.882;-68.722;"squatec"
G0L4J0;47.458;-69.151;"saint-clement"
G0L4K0;48.123;-69.172;"trois-pistoles"
G0L4Q0;47.922;-69.093;"saint-clement"
G0L5J9;48.446;-68.52;"rimouski"
G0L7O0;47.922;-69.093;"saint-clement"
G0M0T0;45.847;-70.642;"saint-gedeon-de-beauce"
G0M1A0;46.138;-70.807;"saint-georges"
G0M1B0;45.959;-70.653;"saint-martin"
G0M1C0;45.872;-70.978;"courcelles"
G0M1E0;46.045;-70.724;"saint-jean-de-la-lande"
G0M1G0;45.962;-70.936;"aubert-gallion"
G0M1G2;45.876;-70.712;"saint-martin"
G0M1H0;45.856;-71.093;"saint-romain"
G0M1J0;46.057;-70.518;"saint-come-liniere"
G0M1K0;46.188;-70.7;"st-georges-ouest"
G0M1L0;46.158;-70.838;"saint-alfred"
G0M1M0;46.174;-70.365;"sainte-aurelie"
G0M1N0;46.279;-70.604;"saint-benjamin"
G0M1P0;46.072;-70.788;"saint-benoit-labre"
G0M1R0;46.061;-70.95;"saint-georges"
G0M1S0;45.934;-70.952;"la guadeloupe"
G0M1T0;45.846;-70.641;"saint-gedeon-de-beauce"
G0M1V0;45.957;-70.833;"saint-honore-de-shenley"
G0M1W0;45.739;-70.693;"saint-ludger"
G0M1X0;46.14;-70.568;"saint-philibert"
G0M1Y0;46.211;-70.483;"saint-georges"
G0M1Z0;46.012;-70.613;"saint-rene"
G0M2A0;45.93;-70.491;"saint-theophile"
G0M2A1;45.99;-70.7;"st-jean-de-la-lande-de-beauce"
G0M2B0;46.146;-70.903;"quebec"
G0M2C0;46.127;-70.354;"saint-zacharie"
G0M2D3;45.84;-70.509;"saint-benoit-labre"
G0M2E0;45.75;-70.59;"saint-robert-bellarmin"
G0N0A2;46.556;-72.749;"shawinigan"
G0N1A0;46.044;-71.363;"thetford mines"
G0N1B0;45.957;-71.363;"coleraine"
G0N1C0;46.125;-71.028;"sainte-clotilde-de-beauce"
G0N1E0;45.909;-71.363;"disraeli"
G0N1G0;46.218;-71.076;"la guadeloupe"
G0N1H0;46.226;-71.081;"east broughton"
G0N1J0;46.29;-71.339;"thetford mines"
G0N1K0;46.207;-71.354;"thetford mines"
G0N1L0;46.101;-71.289;"thetford mines"
G0N1M0;46.103;-71.433;"saint-adrien-d'irlande"
G0N1N0;46.116;-71.577;"saint-julien"
G0N1P0;46.293;-70.975;"saint-frederic"
G0N1P9;46.078;-71.199;"thetford mines"
G0N1R0;46.229;-70.996;"saint-frederic"
G0N1S0;46.062;-71.133;"adstock"
G0N1T0;46.232;-71.199;"saint-pierre-de-broughton"
G0N1V0;46.001;-71.56;"saint-severin-de-beauce"
G0N1W0;46.07;-71.19;"sacre-coeur-de-marie-partie-s"
G0N1X0;46.267;-70.992;"tring-jonction"
G0N2E0;46.115;-71.264;"thetford-mines"
G0N3M0;46.149;-71.151;"saint-jules"
G0N4R7;46.142;-71.216;"thetford mines"
G0P1A0;45.892;-71.652;"ham-nord"
G0P1A1;45.851;-71.548;"saints-martyrs-canadiens"
G0P1B0;46.087;-71.826;"norbertville"
G0P1C0;45.912;-71.724;"notre-dame-de-ham"
G0P1E0;46.166;-71.88;"princeville"
G0P1G0;45.974;-71.599;"saint-fortunat"
G0P1H0;46.044;-71.726;"sainte-helene-de-chester"
G0P1J0;45.956;-71.798;"chesterville"
G0P1K0;46.206;-71.613;"saint-pierre-baptiste"
G0P1L0;46.588;-70.715;"plessisville"
G0P1M0;46.099;-71.938;"saint-valere"
G0P1M5;46.036;-71.846;"victoriaville"
G0P1M6;46.522;-72.749;"shawinigan"
G0P1M7;46.062;-71.976;"victoriaville"
G0P1P0;48.545;-68.398;"victoriaville"
G0P1R0;46.036;-71.846;"victoriaville"
G0P1Y0;45.917;-71.647;"saint-severin-de-beauce"
G0P1Z0;46.036;-71.846;"victoriaville"
G0P2P0;46.036;-71.846;"victoriaville"
G0P2Z5;46.036;-71.846;"victoriaville"
G0P3J8;46.036;-71.846;"victoriaville"
G0P3K1;46.036;-71.846;"victoriaville"
G0P6S1;46.043;-71.912;"victoriaville"
G0Q1V0;48.268;-72.174;"lac-bouchette"
G0R1A0;46.737;-70.579;"armagh"
G0R1A1;46.996;-70.248;"saint-charles-de-bellechasse"
G0R1B0;46.353;-70.263;"saint-cyprien-des-etchemins"
G0R1C0;46.826;-71.004;"beaumont"
G0R1C8;46.996;-70.248;"saint-charles-de-bellechasse"
G0R1E0;46.925;-70.734;"berthier-sur-mer"
G0R1G0;46.623;-70.554;"buckland"
G0R1H0;47.031;-70.445;"cap-saint-ignace"
G0R1J0;47.036;-70.403;"cap-saint-ignace"
G0R1K0;46.761;-70.317;"saint-paul-de-montminy"
G0R1L0;46.512;-70.486;"saint-luc-de-bellechasse"
G0R1M0;46.461;-70.8;"frampton"
G0R1N0;46.649;-70.883;"honfleur"
G0R1P0;47.071;-70.539;"saint-antoine-de-l&#39;isle-aux-grues"
G0R1R0;46.761;-70.317;"saint-paul-de-montminy"
G0R1R4;46.996;-70.248;"saint-charles-de-bellechasse"
G0R1R5;46.996;-70.248;"saint-charles-de-bellechasse"
G0R1S0;46.397;-70.502;"lac-etchemin"
G0R1S7;46.996;-70.248;"saint-charles-de-bellechasse"
G0R1T0;47.288;-70.007;"lac-frontiere"
G0R1V0;46.761;-70.317;"saint-paul-de-montminy"
G0R1W0;46.826;-70.859;"la durantaye"
G0R1X0;47.086;-70.334;"l'islet"
G0R1X9;47.084;-70.338;"l'islet"
G0R1Y0;46.403;-70.358;"sainte-justine"
G0R1Z0;47.367;-70.029;"la pocatiere"
G0R2A0;47.36;-70.03;"saint-paul-de-montminy"
G0R2B0;47.1;-70.386;"l'islet"
G0R2C0;47.105;-70.34;"l'islet"
G0R2E0;47.186;-70.212;"saint-aubert"
G0R2G0;46.873;-70.7;"morigeau"
G0R2H0;46.824;-70.392;"notre-dame-du-rosaire"
G0R2J0;46.659;-70.158;"saint-fabien-de-panet"
G0R2K0;46.761;-70.317;"saint-paul-de-montminy"
G0R2L0;46.267;-70.328;"saint-louis-de-gonzague"
G0R2L5;46.996;-70.248;"saint-charles-de-bellechasse"
G0R2M0;46.864;-69.897;"saint-adalbert"
G0R2N0;46.629;-70.973;"saint-anselme"
G0R2P0;46.802;-70.195;"sainte-apolline-de-patton"
G0R2R0;47.179;-70.218;"saint-aubert"
G0R2S0;46.549;-70.471;"saint-camille-de-bellechasse"
G0R2T0;46.774;-70.945;"saint-charles-de-bellechasse"
G0R2V0;46.596;-70.855;"ste-claire"
G0R2W0;46.865;-70.346;"saint-cyrille-de-l'islet"
G0R2X0;47.197;-70.128;"sainte-louise"
G0R2Y0;46.624;-70.668;"saint-damien-de-buckland"
G0R2Y1;46.747;-71.391;"saint-augustin-de-desmaures"
G0R2Z0;46.775;-70.438;"sainte-euphemie-sur-riviere-du-sud"
G0R3A0;46.886;-70.715;"saint-francois-de-la-riviere-du-sud"
G0R3A6;46.761;-70.317;"saint-paul-de-montminy"
G0R3B0;46.608;-70.429;"l'islet"
G0R3C0;46.717;-70.874;"saint-gervais"
G0R3E0;46.689;-71.07;"saint-isidore"
G0R3G0;47.21;-70.263;"saint-jean-port-joli"
G0R3H0;46.548;-70.153;"saint-paul-de-montminy"
G0R3J0;46.656;-70.798;"sainte-claire"
G0R3K0;47.282;-70.123;"sainte-louise"
G0R3L0;46.738;-70.022;"sainte-lucie-de-beauregard"
G0R3M0;46.575;-70.287;"saint-magloire"
G0R3M3;46.573;-70.286;"saint-magloire"
G0R3N0;46.526;-70.761;"saint-malachie"
G0R3P0;46.761;-70.317;"saint-paul-de-montminy"
G0R3R0;46.897;-70.064;"saint-marcel"
G0R3R9;46.948;-70.55;"montmagny"
G0R3S0;46.869;-70.911;"saint-michel-de-bellechasse"
G0R3T0;46.548;-70.657;"saint-nazaire-de-dorchester"
G0R3V0;46.717;-70.715;"saint-neree"
G0R3W0;47.328;-69.976;"st-onesime"
G0R3X0;46.963;-69.783;"montmagny"
G0R3X1;46.761;-70.317;"saint-paul-de-montminy"
G0R3Y0;46.733;-70.358;"saint-paul-de-montminy"
G0R3Z0;47.071;-69.955;"sainte-perpetue"
G0R4A0;46.678;-70.45;"sainte-euphemie"
G0R4B0;46.907;-70.636;"saint-neree"
G0R4C0;46.796;-70.75;"saint-raphael"
G0R4E0;47.305;-70.165;"saint-roch-des-aulnaies"
G0R4G0;46.312;-70.446;"sainte-rose-de-watford"
G0R4H0;46.493;-70.353;"sainte-sabine-de-bellechasse"
G0R4J0;46.88;-70.809;"saint-vallier"
G0R4K0;46.761;-70.317;"saint-paul-de-montminy"
G0R4L0;46.477;-70.615;"standon"
G0R4M0;47.101;-69.982;"tourville"
G0R4N0;46.761;-70.317;"saint-paul-de-montminy"
G0R4P0;46.971;-69.948;"sainte-felicite-de-l'islet"
G0R4R0;47.039;-69.735;"saint-omer"
G0R5T4;46.996;-70.248;"saint-charles-de-bellechasse"
G0S1A0;46.393;-71.07;"dosquet"
G0S1B0;46.41;-71.24;"saint-patrice-de-beaurivage"
G0S1C0;46.617;-71.931;"bernieres"
G0S1E0;46.715;-71.222;"sainte-helene-de-breakeyville"
G0S1E1;46.684;-71.225;"sainte-anne-de-bellevue"
G0S1E2;46.674;-71.224;"sainte-anne-de-bellevue"
G0S1E3;46.653;-71.245;"sainte-anne-de-bellevue"
G0S1G0;46.55;-72.117;"deschaillons-sur-saint-laurent"
G0S1H0;46.464;-71.533;"dosquet"
G0S1J0;46.487;-72.038;"fortierville"
G0S1K0;46.264;-71.516;"inverness"
G0S1L0;46.577;-71.623;"issoudun"
G0S1M0;46.486;-71.665;"laurier-station"
G0S1N0;46.54;-71.629;"saint-flavien"
G0S1P0;46.301;-71.661;"laurierville"
G0S1R0;46.476;-71.443;"dosquet"
G0S1S0;46.613;-71.932;"lotbiniere"
G0S1S5;46.476;-71.443;"dosquet"
G0S1T0;46.32;-71.825;"lourdes"
G0S1V0;46.372;-71.605;"lyster"
G0S1W0;46.486;-71.235;"saint-narcisse-de-beaurivage"
G0S1X0;46.518;-72.065;"parisville"
G0S1Y0;46.57;-71.823;"saint-edouard-de-lotbiniere"
G0S1Z0;46.559;-71.441;"saint-agapit"
G0S2A0;46.386;-71.41;"sainte-agathe-de-lotbiniere"
G0S2B0;46.397;-71.607;"ste-anastasie"
G0S2C0;46.658;-71.573;"st-antoine-de-tilly"
G0S2E0;46.614;-71.489;"saint-apollinaire"
G0S2F0;46.422;-71.368;"sainte-agathe-de-lotbiniã¨re"
G0S2G0;46.497;-71.135;"saint-bernard"
G0S2H0;46.621;-71.739;"sainte-croix"
G0S2J0;46.407;-71.06;"saint-elzear"
G0S2J1;46.403;-71.069;"saint-elzear"
G0S2J5;46.803;-71.236;"quebec"
G0S2K0;46.55;-71.963;"leclercville"
G0S2L0;46.651;-71.306;"st-etienne-de-lauzon"
G0S2M0;46.517;-71.587;"saint-flavien"
G0S2N0;46.461;-72.028;"sainte-francoise-de-lotbiniere"
G0S2P0;46.508;-71.362;"saint-agapit"
G0S2R0;46.553;-70.987;"sainte-henedine"
G0S2S0;46.44;-71.14;"saint-isidore"
G0S2T0;46.476;-71.443;"dosquet"
G0S2V0;46.309;-70.873;"beauceville"
G0S2W0;46.588;-71.21;"lauzon"
G0S2X0;46.511;-70.936;"sainte-marguerite"
G0S2Y0;46.476;-71.443;"dosquet"
G0S2Z0;46.476;-71.443;"dosquet"
G0S3A0;46.358;-70.671;"saint-odilon"
G0S3B0;46.691;-71.282;"saint-redempteur"
G0S3C0;46.366;-71.222;"saint-sylvestre"
G0S3E0;46.416;-70.876;"saints-anges"
G0S3G0;46.514;-71.076;"saint-isidore"
G0S3H0;46.41;-71.756;"val-alain"
G0S3J0;46.375;-70.921;"vallee-jonction"
G0S3K0;46.386;-71.853;"villeroy"
G0S3L0;46.723;-71.348;"saint-nicolas"
G0S3M0;46.476;-71.443;"dosquet"
G0S3N0;46.668;-71.426;"bernieres"
G0S3S0;46.476;-71.443;"dosquet"
G0T0L4;48.764;-69.722;"saint-paul-du-nord"
G0T1A0;48.105;-69.727;"sainte-catherine"
G0T1A2;48.15;-69.715;"tadoussac"
G0T1B0;48.668;-69.524;"longue-rive"
G0T1C0;48.668;-69.524;"longue-rive"
G0T1C2;48.668;-69.524;"longue-rive"
G0T1E0;48.74;-69.089;"forestville"
G0T1G0;48.246;-69.543;"grandes-bergeronnes"
G0T1H0;48.668;-69.524;"longue-rive"
G0T1J0;48.668;-69.524;"longue-rive"
G0T1K0;48.36;-69.399;"les escoumins"
G0T1L0;47.662;-70.394;"notre-dame-des-monts"
G0T1M0;47.622;-70.145;"longue-rive"
G0T1N0;48.668;-69.524;"longue-rive"
G0T1P0;48.62;-69.104;"portneuf-sur-mer"
G0T1R0;48.668;-69.524;"longue-rive"
G0T1S0;47.683;-70.31;"saint-aime-des-lacs"
G0T1T0;47.811;-69.982;"saint-simon"
G0T1V0;47.561;-70.223;"saint-irenee"
G0T1V8;47.604;-70.211;"saint-irenee"
G0T1W0;48.668;-69.524;"longue-rive"
G0T1X0;47.839;-69.884;"saint-simeon"
G0T1X9;47.842;-69.88;"saint-simeon"
G0T1Y0;48.269;-69.889;"sacrã©-coeur"
G0T1Z0;48.547;-69.233;"longue-rive"
G0T2A0;48.141;-69.719;"tadoussac"
G0T2B0;48.668;-69.524;"longue-rive"
G0T2C0;48.764;-69.722;"saint-paul-du-nord"
G0T2Y0;46.638;-70.63;"saint-damien-de-buckland"
G0T6Y2;48.764;-69.722;"saint-paul-du-nord"
G0V1