P2A0A1;45.345;-80.007;"parry sound"
P2A0A2;45.347;-80.045;"parry sound"
P2A0A3;45.348;-80.045;"parry sound"
P2A0A4;45.352;-80.004;"parry sound"
P2A0A5;45.343;-80.035;"parry sound"
P2A0A6;45.35;-80.038;"parry sound"
P2A0B1;45.359;-80.013;"parry sound"
P2A0B2;45.335;-79.855;"parry sound"
P2A0B3;45.425;-79.915;"parry sound"
P2A0B4;45.496;-79.886;"mckellar"
P2A0B5;45.447;-79.9;"parry sound"
P2A0B6;45.38;-79.78;"seguin"
P2A0B7;45.221;-79.796;"parry sound"
P2A0B8;45.362;-80.026;"parry sound"
P2A0C1;45.364;-80.023;"parry sound"
P2A1A0;45.341;-80.014;"parry sound"
P2A1A1;45.351;-80.033;"parry sound"
P2A1A2;45.34;-80.037;"parry sound"
P2A1A3;45.34;-80.038;"parry sound"
P2A1A4;45.341;-80.038;"parry sound"
P2A1A5;45.341;-80.038;"parry sound"
P2A1A6;45.342;-80.036;"parry sound"
P2A1A7;45.343;-80.037;"parry sound"
P2A1A8;45.343;-80.037;"parry sound"
P2A1A9;45.343;-80.031;"parry sound"
P2A1B1;45.344;-80.032;"parry sound"
P2A1B2;45.343;-80.032;"parry sound"
P2A1B3;45.344;-80.034;"parry sound"
P2A1B4;45.353;-80.024;"parry sound"
P2A1B5;45.344;-80.036;"parry sound"
P2A1B6;45.344;-80.037;"parry sound"
P2A1B7;45.344;-80.038;"parry sound"
P2A1B8;45.344;-80.039;"parry sound"
P2A1B9;45.346;-80.04;"parry sound"
P2A1C1;45.346;-80.04;"parry sound"
P2A1C2;45.347;-80.041;"parry sound"
P2A1C3;45.348;-80.042;"parry sound"
P2A1C4;45.348;-80.042;"parry sound"
P2A1C5;45.348;-80.043;"parry sound"
P2A1C6;45.349;-80.044;"parry sound"
P2A1C7;45.349;-80.045;"parry sound"
P2A1C8;45.346;-80.032;"parry sound"
P2A1C9;45.346;-80.032;"parry sound"
P2A1E1;45.346;-80.033;"parry sound"
P2A1E2;45.344;-80.034;"parry sound"
P2A1E3;45.345;-80.035;"parry sound"
P2A1E4;45.346;-80.035;"parry sound"
P2A1E5;45.345;-80.039;"parry sound"
P2A1E6;45.347;-80.035;"parry sound"
P2A1E7;45.346;-80.034;"parry sound"
P2A1E8;45.346;-80.036;"parry sound"
P2A1E9;45.346;-80.036;"parry sound"
P2A1G1;45.348;-80.033;"parry sound"
P2A1G2;45.348;-80.034;"parry sound"
P2A1G3;45.348;-80.035;"parry sound"
P2A1G4;45.348;-80.035;"parry sound"
P2A1G5;45.348;-80.037;"parry sound"
P2A1G6;45.348;-80.037;"parry sound"
P2A1G7;45.348;-80.039;"parry sound"
P2A1G8;45.348;-80.039;"parry sound"
P2A1G9;45.349;-80.04;"parry sound"
P2A1H1;45.349;-80.04;"parry sound"
P2A1H2;45.35;-80.038;"parry sound"
P2A1H3;45.35;-80.034;"parry sound"
P2A1H4;45.35;-80.033;"parry sound"
P2A1H5;45.351;-80.04;"parry sound"
P2A1H6;45.351;-80.04;"parry sound"
P2A1H7;45.351;-80.041;"parry sound"
P2A1H8;45.351;-80.043;"parry sound"
P2A1H9;45.351;-80.043;"parry sound"
P2A1J1;45.351;-80.044;"parry sound"
P2A1J2;45.351;-80.037;"parry sound"
P2A1J3;45.352;-80.037;"parry sound"
P2A1J4;45.352;-80.028;"parry sound"
P2A1J5;45.352;-80.028;"parry sound"
P2A1J6;45.425;-80.087;"parry sound"
P2A1J7;45.352;-80.029;"parry sound"
P2A1J8;45.352;-80.031;"parry sound"
P2A1J9;45.352;-80.031;"parry sound"
P2A1K1;45.352;-80.036;"parry sound"
P2A1K2;45.352;-80.038;"parry sound"
P2A1K3;45.352;-80.035;"parry sound"
P2A1K4;45.352;-80.037;"parry sound"
P2A1K5;45.352;-80.038;"parry sound"
P2A1K6;45.351;-80.026;"parry sound"
P2A1K7;45.352;-80.027;"parry sound"
P2A1K8;45.352;-80.026;"parry sound"
P2A1K9;45.353;-80.025;"parry sound"
P2A1L0;45.344;-80.016;"parry sound"
P2A1L1;45.354;-80.024;"parry sound"
P2A1L2;45.353;-80.024;"parry sound"
P2A1L3;45.353;-80.025;"parry sound"
P2A1L4;45.354;-80.027;"parry sound"
P2A1L5;45.354;-80.027;"parry sound"
P2A1L6;45.354;-80.032;"parry sound"
P2A1L7;45.353;-80.031;"parry sound"
P2A1L8;45.357;-80.023;"parry sound"
P2A1L9;45.357;-80.021;"parry sound"
P2A1M1;45.358;-80.022;"parry sound"
P2A1M2;45.357;-80.024;"parry sound"
P2A1M3;45.357;-80.025;"parry sound"
P2A1M4;45.356;-80.027;"parry sound"
P2A1M5;45.355;-80.027;"parry sound"
P2A1M6;45.355;-80.028;"parry sound"
P2A1M7;45.355;-80.029;"parry sound"
P2A1M8;45.355;-80.031;"parry sound"
P2A1M9;45.355;-80.032;"parry sound"
P2A1N1;45.354;-80.037;"parry sound"
P2A1N2;45.354;-80.035;"parry sound"
P2A1N3;45.353;-80.04;"parry sound"
P2A1N4;45.352;-80.043;"parry sound"
P2A1N5;45.355;-80.028;"parry sound"
P2A1N6;45.355;-80.028;"parry sound"
P2A1N7;45.358;-80.024;"parry sound"
P2A1N8;45.359;-80.021;"parry sound"
P2A1N9;45.359;-80.022;"parry sound"
P2A1P1;45.359;-80.023;"parry sound"
P2A1P2;45.36;-80.023;"parry sound"
P2A1P3;45.358;-80.022;"parry sound"
P2A1P4;45.358;-80.026;"parry sound"
P2A1P5;45.359;-80.025;"parry sound"
P2A1P6;45.36;-80.025;"parry sound"
P2A1P7;45.36;-80.025;"parry sound"
P2A1P8;45.361;-80.026;"parry sound"
P2A1P9;45.36;-80.025;"parry sound"
P2A1R1;45.357;-80.03;"parry sound"
P2A1R2;45.357;-80.031;"parry sound"
P2A1R3;45.357;-80.031;"parry sound"
P2A1R4;45.356;-80.031;"parry sound"
P2A1R5;45.355;-80.035;"parry sound"
P2A1R6;45.355;-80.036;"parry sound"
P2A1R7;45.354;-80.04;"parry sound"
P2A1R8;45.354;-80.04;"parry sound"
P2A1R9;45.354;-80.04;"parry sound"
P2A1S1;44.716;-80.195;"parry sound"
P2A1S2;45.357;-80.039;"parry sound"
P2A1S3;45.339;-80.037;"parry sound"
P2A1S4;45.34;-80.036;"parry sound"
P2A1S5;45.34;-80.035;"parry sound"
P2A1S7;45.345;-80.033;"parry sound"
P2A1S8;45.344;-80.033;"parry sound"
P2A1S9;45.347;-80.033;"parry sound"
P2A1T0;45.347;-80.042;"parry sound"
P2A1T1;45.347;-80.033;"parry sound"
P2A1T2;45.342;-80.035;"parry sound"
P2A1T3;45.343;-80.034;"parry sound"
P2A1T4;45.342;-80.034;"parry sound"
P2A1T5;45.345;-80.034;"parry sound"
P2A1T6;45.329;-80.004;"parry sound"
P2A1T7;45.347;-80.034;"parry sound"
P2A1T8;45.346;-80.034;"parry sound"
P2A1T9;45.347;-80.034;"parry sound"
P2A1V1;45.35;-80.031;"parry sound"
P2A1V2;45.35;-80.03;"parry sound"
P2A1V3;45.352;-80.027;"parry sound"
P2A1V4;45.352;-80.027;"parry sound"
P2A1V5;45.353;-80.026;"parry sound"
P2A1V6;45.355;-80.023;"parry sound"
P2A1V7;45.353;-80.025;"parry sound"
P2A1V8;45.354;-80.023;"parry sound"
P2A1V9;45.356;-80.022;"parry sound"
P2A1W1;45.358;-80.02;"parry sound"
P2A1W2;45.356;-80.023;"parry sound"
P2A1W3;45.36;-80.02;"parry sound"
P2A1W4;45.356;-80.02;"parry sound"
P2A1W5;45.341;-80.035;"parry sound"
P2A1W6;45.341;-80.036;"parry sound"
P2A1W7;45.341;-80.035;"parry sound"
P2A1W8;45.342;-80.035;"parry sound"
P2A1W9;45.345;-80.035;"parry sound"
P2A1X1;45.344;-80.035;"parry sound"
P2A1X2;45.348;-80.035;"parry sound"
P2A1X3;45.347;-80.035;"parry sound"
P2A1X4;45.349;-80.035;"parry sound"
P2A1X5;45.351;-80.035;"parry sound"
P2A1X6;45.351;-80.035;"parry sound"
P2A1X7;45.353;-80.035;"parry sound"
P2A1X8;45.353;-80.035;"parry sound"
P2A1X9;45.355;-80.035;"parry sound"
P2A1Y1;45.354;-80.035;"parry sound"
P2A1Y2;45.344;-80.037;"parry sound"
P2A1Y3;45.344;-80.037;"parry sound"
P2A1Y4;45.346;-80.036;"parry sound"
P2A1Y5;45.347;-80.036;"parry sound"
P2A1Y6;45.348;-80.037;"parry sound"
P2A1Y7;45.349;-80.036;"parry sound"
P2A1Y8;45.35;-80.036;"parry sound"
P2A1Y9;45.351;-80.036;"parry sound"
P2A1Z1;45.355;-80.033;"parry sound"
P2A1Z2;45.353;-80.036;"parry sound"
P2A1Z3;45.353;-80.036;"parry sound"
P2A1Z4;45.355;-80.036;"parry sound"
P2A1Z5;45.355;-80.036;"parry sound"
P2A1Z6;45.357;-80.037;"parry sound"
P2A1Z7;45.356;-80.036;"parry sound"
P2A1Z8;45.341;-80.036;"parry sound"
P2A1Z9;45.341;-80.036;"parry sound"
P2A2A1;45.343;-80.038;"parry sound"
P2A2A2;45.343;-80.039;"parry sound"
P2A2A3;45.341;-80.038;"parry sound"
P2A2A4;45.342;-80.037;"parry sound"
P2A2A5;45.343;-80.037;"parry sound"
P2A2A6;45.345;-80.038;"parry sound"
P2A2A7;45.345;-80.038;"parry sound"
P2A2A8;45.348;-80.04;"parry sound"
P2A2A9;45.35;-80.04;"parry sound"
P2A2B1;45.349;-80.04;"parry sound"
P2A2B2;45.345;-80.04;"parry sound"
P2A2B3;45.344;-80.04;"parry sound"
P2A2B4;45.345;-80.04;"parry sound"
P2A2B5;45.346;-80.043;"parry sound"
P2A2B6;45.347;-80.042;"parry sound"
P2A2B7;45.349;-80.038;"parry sound"
P2A2B8;45.348;-80.041;"parry sound"
P2A2B9;45.348;-80.041;"parry sound"
P2A2C1;45.349;-80.041;"parry sound"
P2A2C2;45.35;-80.041;"parry sound"
P2A2C3;45.351;-80.041;"parry sound"
P2A2C4;45.352;-80.041;"parry sound"
P2A2C5;45.35;-80.043;"parry sound"
P2A2C6;45.35;-80.043;"parry sound"
P2A2C7;45.351;-80.043;"parry sound"
P2A2C8;45.351;-80.043;"parry sound"
P2A2C9;45.349;-80.044;"parry sound"
P2A2E1;45.35;-80.044;"parry sound"
P2A2E2;45.354;-80.041;"parry sound"
P2A2E3;45.354;-80.041;"parry sound"
P2A2E4;45.353;-80.04;"parry sound"
P2A2E5;45.353;-80.04;"parry sound"
P2A2E6;45.354;-80.041;"parry sound"
P2A2E7;45.354;-80.04;"parry sound"
P2A2E8;45.351;-80.038;"parry sound"
P2A2E9;45.352;-80.038;"parry sound"
P2A2G1;45.361;-80.041;"parry sound"
P2A2G2;45.356;-80.038;"parry sound"
P2A2G3;45.356;-80.038;"parry sound"
P2A2G4;45.357;-80.039;"parry sound"
P2A2G5;45.359;-80.04;"parry sound"
P2A2G6;45.351;-80.033;"parry sound"
P2A2G7;45.352;-80.033;"parry sound"
P2A2G8;45.353;-80.033;"parry sound"
P2A2G9;45.354;-80.033;"parry sound"
P2A2H1;45.354;-80.033;"parry sound"
P2A2H2;45.353;-80.029;"parry sound"
P2A2H3;45.353;-80.029;"parry sound"
P2A2H4;45.353;-80.029;"parry sound"
P2A2H5;45.356;-80.03;"parry sound"
P2A2H6;45.356;-80.03;"parry sound"
P2A2H7;45.358;-80.03;"parry sound"
P2A2H8;45.357;-80.025;"parry sound"
P2A2H9;45.358;-80.026;"parry sound"
P2A2J1;45.361;-80.027;"parry sound"
P2A2J2;45.357;-80.024;"parry sound"
P2A2J3;45.357;-80.024;"parry sound"
P2A2J4;45.358;-80.024;"parry sound"
P2A2J5;45.359;-80.025;"parry sound"
P2A2J6;45.359;-80.025;"parry sound"
P2A2J7;45.359;-80.025;"parry sound"
P2A2J8;45.36;-80.025;"parry sound"
P2A2J9;45.352;-80.025;"parry sound"
P2A2K1;45.353;-80.025;"parry sound"
P2A2K2;45.353;-80.024;"parry sound"
P2A2K3;45.353;-80.024;"parry sound"
P2A2K4;45.354;-80.022;"parry sound"
P2A2K5;45.354;-80.022;"parry sound"
P2A2K6;45.344;-80.03;"parry sound"
P2A2K7;45.343;-80.026;"parry sound"
P2A2K8;45.344;-80.027;"parry sound"
P2A2K9;45.344;-80.025;"parry sound"
P2A2L0;45.348;-80.018;"parry sound"
P2A2L1;45.344;-80.023;"parry sound"
P2A2L2;45.343;-80.022;"parry sound"
P2A2L3;45.343;-80.021;"parry sound"
P2A2L4;45.344;-80.024;"parry sound"
P2A2L5;45.343;-80.022;"parry sound"
P2A2L6;45.343;-80.02;"parry sound"
P2A2L7;45.344;-80.014;"parry sound"
P2A2L8;45.342;-80.016;"parry sound"
P2A2L9;45.342;-80.024;"parry sound"
P2A2M1;45.341;-80.03;"parry sound"
P2A2M2;45.341;-80.03;"parry sound"
P2A2M3;45.361;-80.04;"parry sound"
P2A2M4;45.361;-80.037;"parry sound"
P2A2M5;45.337;-80.025;"parry sound"
P2A2M6;45.36;-80.025;"parry sound"
P2A2M7;45.365;-80.028;"parry sound"
P2A2M8;45.339;-80.019;"parry sound"
P2A2M9;45.331;-80.041;"parry sound"
P2A2N1;45.331;-80.041;"parry sound"
P2A2N2;45.336;-80.026;"parry sound"
P2A2N3;45.335;-80.027;"parry sound"
P2A2N4;45.334;-80.029;"parry sound"
P2A2N5;45.334;-80.029;"parry sound"
P2A2N6;45.337;-80.021;"parry sound"
P2A2N7;45.342;-80.031;"parry sound"
P2A2N8;45.337;-80.03;"parry sound"
P2A2N9;45.342;-80.031;"parry sound"
P2A2P1;45.336;-80.03;"parry sound"
P2A2P2;45.336;-80.028;"parry sound"
P2A2P3;45.335;-80.029;"parry sound"
P2A2P4;45.335;-80.028;"parry sound"
P2A2P5;45.332;-80.029;"parry sound"
P2A2P6;45.331;-80.029;"parry sound"
P2A2P7;45.343;-80.025;"parry sound"
P2A2P8;45.343;-80.025;"parry sound"
P2A2P9;45.34;-80.023;"parry sound"
P2A2R1;45.343;-80.022;"parry sound"
P2A2R2;45.339;-80.024;"parry sound"
P2A2R3;45.338;-80.022;"parry sound"
P2A2R4;45.338;-80.022;"parry sound"
P2A2R5;45.337;-80.022;"parry sound"
P2A2R6;45.337;-80.02;"parry sound"
P2A2R7;45.337;-80.02;"parry sound"
P2A2R8;45.341;-80.02;"parry sound"
P2A2R9;45.341;-80.021;"parry sound"
P2A2S1;45.346;-80.028;"parry sound"
P2A2S2;45.346;-80.028;"parry sound"
P2A2S3;45.345;-80.026;"parry sound"
P2A2S4;45.345;-80.025;"parry sound"
P2A2S5;45.344;-80.016;"parry sound"
P2A2S6;45.344;-80.018;"parry sound"
P2A2S7;45.345;-80.018;"parry sound"
P2A2S8;45.345;-80.016;"parry sound"
P2A2S9;45.345;-80.016;"parry sound"
P2A2T1;45.347;-80.023;"parry sound"
P2A2T2;45.347;-80.021;"parry sound"
P2A2T3;45.347;-80.021;"parry sound"
P2A2T4;45.346;-80.022;"parry sound"
P2A2T6;45.347;-80.028;"parry sound"
P2A2T7;45.345;-80.03;"parry sound"
P2A2T8;45.348;-80.028;"parry sound"
P2A2T9;45.351;-80.026;"parry sound"
P2A2V1;45.345;-80.028;"parry sound"
P2A2V2;45.344;-80.029;"parry sound"
P2A2V3;45.345;-80.024;"parry sound"
P2A2V4;45.344;-80.025;"parry sound"
P2A2V5;45.345;-80.024;"parry sound"
P2A2V6;45.345;-80.023;"parry sound"
P2A2V7;45.346;-80.024;"parry sound"
P2A2V8;45.347;-80.023;"parry sound"
P2A2V9;45.344;-80.023;"parry sound"
P2A2W0;45.312;-80.038;"parry sound"
P2A2W1;45.345;-80.022;"parry sound"
P2A2W2;45.345;-80.022;"parry sound"
P2A2W3;45.32;-79.941;"parry sound"
P2A2W4;45.345;-80.021;"parry sound"
P2A2W5;45.344;-80.018;"parry sound"
P2A2W6;45.345;-80.018;"parry sound"
P2A2W7;45.443;-79.955;"mcdougall"
P2A2W8;45.29;-79.904;"parry sound"
P2A2W9;45.379;-79.983;"parry sound"
P2A2X1;45.338;-80.03;"parry sound"
P2A2X2;45.345;-79.971;"parry sound"
P2A2X3;45.324;-80.038;"parry sound"
P2A2X4;45.363;-80.007;"parry sound"
P2A2X5;45.337;-80.028;"parry sound"
P2A2X6;45.191;-79.782;"parry sound"
P2A2X7;45.345;-80.04;"parry sound"
P2A2X8;45.334;-80.005;"parry sound"
P2A2X9;45.361;-80.019;"parry sound"
P2A2Y1;45.361;-80.019;"parry sound"
P2A2Y2;45.337;-80.026;"parry sound"
P2A2Y3;45.333;-80.029;"parry sound"
P2A2Y4;45.333;-80.029;"parry sound"
P2A2Y5;45.346;-80.019;"parry sound"
P2A2Y6;45.345;-80.039;"parry sound"
P2A2Y7;45.356;-80.02;"parry sound"
P2A2Y8;45.354;-80.022;"parry sound"
P2A2Y9;45.347;-80.02;"parry sound"
P2A2Z1;45.339;-80.006;"parry sound"
P2A2Z2;45.359;-80.028;"parry sound"
P2A2Z3;45.347;-80.02;"parry sound"
P2A2Z4;45.335;-80.022;"parry sound"
P2A2Z5;45.352;-80.044;"parry sound"
P2A2Z6;45.353;-80.044;"parry sound"
P2A2Z7;45.36;-80.028;"parry sound"
P2A2Z8;45.351;-80.04;"parry sound"
P2A2Z9;45.35;-80.038;"parry sound"
P2A3A1;45.346;-80.02;"parry sound"
P2A3A2;45.347;-80.042;"parry sound"
P2A3A3;45.351;-80.026;"parry sound"
P2A3A4;45.339;-80.021;"parry sound"
P2A3A6;45.357;-80.028;"parry sound"
P2A3A7;45.353;-80.026;"parry sound"
P2A3A8;45.354;-80.028;"parry sound"
P2A3A9;45.36;-80.043;"parry sound"
P2A3B1;45.346;-80.043;"parry sound"
P2A3B2;45.346;-80.043;"parry sound"
P2A3B3;45.346;-80.023;"parry sound"
P2A3B4;45.353;-80.024;"parry sound"
P2A3B5;45.339;-80.02;"parry sound"
P2A3B6;45.351;-80.047;"parry sound"
P2A3B7;45.344;-80.011;"parry sound"
P2A3B8;45.342;-80.009;"parry sound"
P2A3B9;45.349;-80.022;"parry sound"
P2A3C1;45.351;-80.019;"parry sound"
P2A3C2;45.335;-80.03;"parry sound"
P2A3C3;45.342;-80.006;"parry sound"
P2A3C4;45.355;-80.042;"parry sound"
P2A3G5;45.348;-80.018;"parry sound"
P2A3T5;45.348;-79.964;"mcdougall"
P2A3X9;45.348;-80.018;"parry sound"
P2A4M2;45.344;-80.011;"parry sound"
P2B0A1;46.357;-79.938;"sturgeon falls"
P2B0A2;46.369;-79.916;"sturgeon falls"
P2B0A3;46.398;-79.903;"sturgeon falls"
P2B0A4;46.364;-79.931;"sturgeon falls"
P2B0A5;46.366;-79.931;"sturgeon falls"
P2B0A7;46.372;-79.914;"sturgeon falls"
P2B1A0;46.372;-79.914;"sturgeon falls"
P2B1A1;46.366;-79.918;"sturgeon falls"
P2B1A2;46.366;-79.917;"sturgeon falls"
P2B1A3;46.37;-79.918;"sturgeon falls"
P2B1A4;46.369;-79.918;"sturgeon falls"
P2B1A5;46.367;-79.918;"sturgeon falls"
P2B1A6;46.367;-79.918;"sturgeon falls"
P2B1A7;46.369;-79.92;"sturgeon falls"
P2B1A8;46.369;-79.92;"sturgeon falls"
P2B1A9;46.368;-79.92;"sturgeon falls"
P2B1B1;46.368;-79.92;"sturgeon falls"
P2B1B2;46.367;-79.92;"sturgeon falls"
P2B1B3;46.367;-79.92;"sturgeon falls"
P2B1B4;46.376;-79.92;"sturgeon falls"
P2B1B5;46.376;-79.921;"sturgeon falls"
P2B1B6;46.376;-79.921;"sturgeon falls"
P2B1B7;46.375;-79.921;"sturgeon falls"
P2B1B8;46.37;-79.921;"sturgeon falls"
P2B1B9;46.371;-79.921;"sturgeon falls"
P2B1C1;46.37;-79.921;"sturgeon falls"
P2B1C2;46.369;-79.922;"sturgeon falls"
P2B1C3;46.369;-79.922;"sturgeon falls"
P2B1C4;46.368;-79.921;"sturgeon falls"
P2B1C5;46.368;-79.921;"sturgeon falls"
P2B1C6;46.367;-79.921;"sturgeon falls"
P2B1C7;46.367;-79.921;"sturgeon falls"
P2B1C8;46.375;-79.922;"sturgeon falls"
P2B1C9;46.375;-79.922;"sturgeon falls"
P2B1E1;46.372;-79.922;"sturgeon falls"
P2B1E2;46.372;-79.922;"sturgeon falls"
P2B1E3;46.37;-79.922;"sturgeon falls"
P2B1E4;46.37;-79.922;"sturgeon falls"
P2B1E5;46.369;-79.922;"sturgeon falls"
P2B1E6;46.369;-79.922;"sturgeon falls"
P2B1E7;46.368;-79.922;"sturgeon falls"
P2B1E8;46.368;-79.922;"sturgeon falls"
P2B1E9;46.367;-79.922;"sturgeon falls"
P2B1G1;46.367;-79.922;"sturgeon falls"
P2B1G2;46.376;-79.924;"sturgeon falls"
P2B1G3;46.376;-79.924;"sturgeon falls"
P2B1G4;46.375;-79.924;"sturgeon falls"
P2B1G5;46.375;-79.924;"sturgeon falls"
P2B1G6;46.373;-79.924;"sturgeon falls"
P2B1G7;46.374;-79.924;"sturgeon falls"
P2B1G8;46.372;-79.924;"sturgeon falls"
P2B1G9;46.372;-79.924;"sturgeon falls"
P2B1H1;46.371;-79.924;"sturgeon falls"
P2B1H2;46.371;-79.924;"sturgeon falls"
P2B1H3;46.37;-79.924;"sturgeon falls"
P2B1H4;46.37;-79.924;"sturgeon falls"
P2B1H5;46.369;-79.924;"sturgeon falls"
P2B1H6;46.369;-79.924;"sturgeon falls"
P2B1H7;46.368;-79.924;"sturgeon falls"
P2B1H8;46.368;-79.924;"sturgeon falls"
P2B1H9;46.367;-79.924;"sturgeon falls"
P2B1J1;46.367;-79.924;"sturgeon falls"
P2B1J2;46.375;-79.925;"sturgeon falls"
P2B1J3;46.374;-79.925;"sturgeon falls"
P2B1J4;46.373;-79.925;"sturgeon falls"
P2B1J5;46.372;-79.925;"sturgeon falls"
P2B1J6;46.371;-79.925;"sturgeon falls"
P2B1J7;46.371;-79.925;"sturgeon falls"
P2B1J8;46.37;-79.925;"sturgeon falls"
P2B1J9;46.37;-79.925;"sturgeon falls"
P2B1K1;46.369;-79.925;"sturgeon falls"
P2B1K2;46.369;-79.925;"sturgeon falls"
P2B1K3;46.368;-79.925;"sturgeon falls"
P2B1K4;46.368;-79.925;"sturgeon falls"
P2B1K5;46.367;-79.925;"sturgeon falls"
P2B1K6;46.366;-79.925;"sturgeon falls"
P2B1K7;46.372;-79.926;"sturgeon falls"
P2B1K8;46.372;-79.926;"sturgeon falls"
P2B1K9;46.371;-79.926;"sturgeon falls"
P2B1L1;46.37;-79.926;"sturgeon falls"
P2B1L2;46.369;-79.926;"sturgeon falls"
P2B1L3;46.369;-79.926;"sturgeon falls"
P2B1L4;46.369;-79.926;"sturgeon falls"
P2B1L5;46.368;-79.926;"sturgeon falls"
P2B1L6;46.368;-79.926;"sturgeon falls"
P2B1L7;46.367;-79.926;"sturgeon falls"
P2B1L8;46.372;-79.927;"sturgeon falls"
P2B1L9;46.372;-79.927;"sturgeon falls"
P2B1M1;46.37;-79.927;"sturgeon falls"
P2B1M2;46.371;-79.927;"sturgeon falls"
P2B1M3;46.37;-79.927;"sturgeon falls"
P2B1M4;46.369;-79.927;"sturgeon falls"
P2B1M5;46.369;-79.927;"sturgeon falls"
P2B1M6;46.368;-79.927;"sturgeon falls"
P2B1M7;46.368;-79.927;"sturgeon falls"
P2B1M8;46.367;-79.927;"sturgeon falls"
P2B1M9;46.367;-79.927;"sturgeon falls"
P2B1N1;46.374;-79.928;"sturgeon falls"
P2B1N2;46.37;-79.918;"sturgeon falls"
P2B1N3;46.374;-79.928;"sturgeon falls"
P2B1N4;46.374;-79.928;"sturgeon falls"
P2B1N5;46.371;-79.928;"sturgeon falls"
P2B1N6;46.371;-79.928;"sturgeon falls"
P2B1N7;46.37;-79.928;"sturgeon falls"
P2B1N8;46.37;-79.928;"sturgeon falls"
P2B1N9;46.369;-79.928;"sturgeon falls"
P2B1P1;46.369;-79.928;"sturgeon falls"
P2B1P2;46.368;-79.928;"sturgeon falls"
P2B1P3;46.368;-79.928;"sturgeon falls"
P2B1P4;46.366;-79.928;"sturgeon falls"
P2B1P5;46.367;-79.928;"sturgeon falls"
P2B1P6;46.374;-79.93;"sturgeon falls"
P2B1P7;46.374;-79.93;"sturgeon falls"
P2B1P8;46.374;-79.93;"sturgeon falls"
P2B1P9;46.372;-79.93;"sturgeon falls"
P2B1R1;46.371;-79.93;"sturgeon falls"
P2B1R2;46.371;-79.93;"sturgeon falls"
P2B1R3;46.37;-79.93;"sturgeon falls"
P2B1R4;46.37;-79.93;"sturgeon falls"
P2B1R5;46.369;-79.929;"sturgeon falls"
P2B1R6;46.369;-79.93;"sturgeon falls"
P2B1R7;46.368;-79.93;"sturgeon falls"
P2B1R8;46.368;-79.93;"sturgeon falls"
P2B1R9;46.367;-79.93;"sturgeon falls"
P2B1S1;46.367;-79.93;"sturgeon falls"
P2B1S2;46.372;-79.931;"sturgeon falls"
P2B1S3;46.371;-79.931;"sturgeon falls"
P2B1S4;46.371;-79.931;"sturgeon falls"
P2B1S5;46.37;-79.931;"sturgeon falls"
P2B1S6;46.369;-79.931;"sturgeon falls"
P2B1S7;46.369;-79.931;"sturgeon falls"
P2B1S8;46.369;-79.931;"sturgeon falls"
P2B1S9;46.375;-79.922;"sturgeon falls"
P2B1T1;46.361;-79.931;"sturgeon falls"
P2B1T2;46.369;-79.933;"sturgeon falls"
P2B1T3;46.369;-79.933;"sturgeon falls"
P2B1T4;46.368;-79.933;"sturgeon falls"
P2B1T5;46.367;-79.933;"sturgeon falls"
P2B1T6;46.376;-79.924;"sturgeon falls"
P2B1T7;46.376;-79.923;"sturgeon falls"
P2B1T8;46.377;-79.919;"sturgeon falls"
P2B1T9;46.377;-79.919;"sturgeon falls"
P2B1V1;46.375;-79.922;"sturgeon falls"
P2B1V2;46.374;-79.929;"sturgeon falls"
P2B1V3;46.374;-79.926;"sturgeon falls"
P2B1V4;46.374;-79.924;"sturgeon falls"
P2B1V5;46.374;-79.924;"sturgeon falls"
P2B1V6;46.374;-79.923;"sturgeon falls"
P2B1V7;46.374;-79.922;"sturgeon falls"
P2B1V8;46.374;-79.927;"sturgeon falls"
P2B1V9;46.374;-79.921;"sturgeon falls"
P2B1W1;46.373;-79.93;"sturgeon falls"
P2B1W2;46.373;-79.925;"sturgeon falls"
P2B1W3;46.369;-79.927;"sturgeon falls"
P2B1W4;46.371;-79.93;"sturgeon falls"
P2B1W5;46.371;-79.93;"sturgeon falls"
P2B1W6;46.371;-79.928;"sturgeon falls"
P2B1W7;46.371;-79.927;"sturgeon falls"
P2B1W8;46.371;-79.925;"sturgeon falls"
P2B1W9;46.371;-79.923;"sturgeon falls"
P2B1X1;46.37;-79.93;"sturgeon falls"
P2B1X2;46.37;-79.925;"sturgeon falls"
P2B1X3;46.37;-79.925;"sturgeon falls"
P2B1X4;46.37;-79.925;"sturgeon falls"
P2B1X5;46.37;-79.924;"sturgeon falls"
P2B1X6;46.37;-79.918;"sturgeon falls"
P2B1X7;46.37;-79.916;"sturgeon falls"
P2B1X8;46.37;-79.916;"sturgeon falls"
P2B1X9;46.369;-79.933;"sturgeon falls"
P2B1Y1;46.369;-79.933;"sturgeon falls"
P2B1Y2;46.369;-79.931;"sturgeon falls"
P2B1Y3;46.369;-79.93;"sturgeon falls"
P2B1Y4;46.369;-79.929;"sturgeon falls"
P2B1Y5;46.369;-79.929;"sturgeon falls"
P2B1Y6;46.369;-79.927;"sturgeon falls"
P2B1Y7;46.369;-79.928;"sturgeon falls"
P2B1Y8;46.369;-79.926;"sturgeon falls"
P2B1Y9;46.369;-79.925;"sturgeon falls"
P2B1Z1;46.369;-79.925;"sturgeon falls"
P2B1Z2;46.369;-79.924;"sturgeon falls"
P2B1Z3;46.369;-79.923;"sturgeon falls"
P2B1Z4;46.369;-79.923;"sturgeon falls"
P2B1Z5;46.369;-79.922;"sturgeon falls"
P2B1Z6;46.369;-79.922;"sturgeon falls"
P2B1Z7;46.369;-79.921;"sturgeon falls"
P2B1Z8;46.369;-79.921;"sturgeon falls"
P2B1Z9;46.369;-79.919;"sturgeon falls"
P2B2A1;46.369;-79.916;"sturgeon falls"
P2B2A2;46.368;-79.931;"sturgeon falls"
P2B2A3;46.368;-79.932;"sturgeon falls"
P2B2A4;46.368;-79.931;"sturgeon falls"
P2B2A5;46.368;-79.93;"sturgeon falls"
P2B2A6;46.368;-79.929;"sturgeon falls"
P2B2A7;46.371;-79.922;"sturgeon falls"
P2B2A8;46.368;-79.928;"sturgeon falls"
P2B2A9;46.368;-79.926;"sturgeon falls"
P2B2B1;46.368;-79.926;"sturgeon falls"
P2B2B2;46.368;-79.925;"sturgeon falls"
P2B2B3;46.368;-79.925;"sturgeon falls"
P2B2B4;46.368;-79.924;"sturgeon falls"
P2B2B5;46.368;-79.923;"sturgeon falls"
P2B2B6;46.368;-79.921;"sturgeon falls"
P2B2B7;46.368;-79.922;"sturgeon falls"
P2B2B8;46.368;-79.92;"sturgeon falls"
P2B2B9;46.368;-79.921;"sturgeon falls"
P2B2C1;46.368;-79.919;"sturgeon falls"
P2B2C2;46.368;-79.92;"sturgeon falls"
P2B2C3;46.367;-79.933;"sturgeon falls"
P2B2C4;46.367;-79.932;"sturgeon falls"
P2B2C5;46.367;-79.931;"sturgeon falls"
P2B2C6;46.367;-79.93;"sturgeon falls"
P2B2C7;46.367;-79.929;"sturgeon falls"
P2B2C8;46.367;-79.93;"sturgeon falls"
P2B2C9;46.367;-79.928;"sturgeon falls"
P2B2E1;46.368;-79.926;"sturgeon falls"
P2B2E2;46.367;-79.926;"sturgeon falls"
P2B2E3;46.367;-79.926;"sturgeon falls"
P2B2E4;46.367;-79.925;"sturgeon falls"
P2B2E5;46.367;-79.925;"sturgeon falls"
P2B2E6;46.367;-79.925;"sturgeon falls"
P2B2E7;46.367;-79.923;"sturgeon falls"
P2B2E8;46.367;-79.923;"sturgeon falls"
P2B2E9;46.367;-79.926;"sturgeon falls"
P2B2G1;46.367;-79.922;"sturgeon falls"
P2B2G2;46.367;-79.92;"sturgeon falls"
P2B2G3;46.371;-79.926;"sturgeon falls"
P2B2G4;46.367;-79.92;"sturgeon falls"
P2B2G5;46.367;-79.919;"sturgeon falls"
P2B2G6;46.365;-79.937;"sturgeon falls"
P2B2G7;46.366;-79.932;"sturgeon falls"
P2B2G8;46.366;-79.929;"sturgeon falls"
P2B2G9;46.366;-79.917;"sturgeon falls"
P2B2H1;46.366;-79.923;"sturgeon falls"
P2B2H2;46.366;-79.93;"sturgeon falls"
P2B2H3;46.366;-79.927;"sturgeon falls"
P2B2H4;46.366;-79.925;"sturgeon falls"
P2B2H5;46.366;-79.925;"sturgeon falls"
P2B2H6;46.366;-79.924;"sturgeon falls"
P2B2H7;46.366;-79.921;"sturgeon falls"
P2B2H8;46.366;-79.923;"sturgeon falls"
P2B2H9;46.366;-79.921;"sturgeon falls"
P2B2J1;46.366;-79.92;"sturgeon falls"
P2B2J2;46.366;-79.918;"sturgeon falls"
P2B2J3;46.366;-79.917;"sturgeon falls"
P2B2J4;46.366;-79.917;"sturgeon falls"
P2B2J5;46.365;-79.884;"sturgeon falls"
P2B2J6;46.365;-79.884;"sturgeon falls"
P2B2J7;46.355;-79.904;"sturgeon falls"
P2B2J8;46.357;-79.904;"sturgeon falls"
P2B2J9;46.354;-79.904;"sturgeon falls"
P2B2K1;46.364;-79.904;"sturgeon falls"
P2B2K2;46.364;-79.904;"sturgeon falls"
P2B2K3;46.39;-79.896;"sturgeon falls"
P2B2K4;46.385;-79.897;"sturgeon falls"
P2B2K5;46.38;-79.897;"sturgeon falls"
P2B2K6;46.384;-79.897;"sturgeon falls"
P2B2K7;46.384;-79.914;"sturgeon falls"
P2B2K8;46.34;-79.925;"sturgeon falls"
P2B2K9;46.346;-79.925;"sturgeon falls"
P2B2L1;46.354;-79.925;"sturgeon falls"
P2B2L2;46.356;-79.925;"sturgeon falls"
P2B2L3;46.37;-79.942;"sturgeon falls"
P2B2L4;46.346;-79.936;"sturgeon falls"
P2B2L5;46.366;-79.941;"sturgeon falls"
P2B2L6;46.346;-79.936;"sturgeon falls"
P2B2L7;46.346;-79.936;"sturgeon falls"
P2B2L8;46.366;-79.921;"sturgeon falls"
P2B2L9;46.352;-79.952;"sturgeon falls"
P2B2M0;46.36;-79.927;"sturgeon falls"
P2B2M1;46.377;-79.946;"sturgeon falls"
P2B2M2;46.376;-79.946;"sturgeon falls"
P2B2M3;46.376;-79.947;"sturgeon falls"
P2B2M4;46.376;-79.949;"sturgeon falls"
P2B2M5;46.329;-79.939;"sturgeon falls"
P2B2M6;46.33;-79.938;"sturgeon falls"
P2B2M7;46.334;-79.941;"sturgeon falls"
P2B2M8;46.361;-79.949;"sturgeon falls"
P2B2M9;46.356;-79.95;"sturgeon falls"
P2B2N1;46.355;-79.951;"sturgeon falls"
P2B2N2;46.35;-79.956;"sturgeon falls"
P2B2N3;46.365;-79.956;"sturgeon falls"
P2B2N4;46.369;-79.956;"sturgeon falls"
P2B2N5;46.376;-79.956;"sturgeon falls"
P2B2N6;46.373;-79.956;"sturgeon falls"
P2B2N7;46.344;-79.977;"sturgeon falls"
P2B2N8;46.436;-79.963;"sturgeon falls"
P2B2N9;46.436;-79.959;"sturgeon falls"
P2B2P1;46.393;-79.947;"sturgeon falls"
P2B2P2;46.392;-79.941;"sturgeon falls"
P2B2P3;46.393;-79.92;"sturgeon falls"
P2B2P4;46.392;-79.914;"sturgeon falls"
P2B2P5;46.379;-79.92;"sturgeon falls"
P2B2P6;46.378;-79.926;"sturgeon falls"
P2B2P7;46.378;-79.941;"sturgeon falls"
P2B2P8;46.378;-79.942;"sturgeon falls"
P2B2P9;46.378;-79.952;"sturgeon falls"
P2B2R1;46.378;-79.958;"sturgeon falls"
P2B2R2;46.378;-79.958;"sturgeon falls"
P2B2R3;46.378;-79.959;"sturgeon falls"
P2B2R4;46.378;-79.964;"sturgeon falls"
P2B2R5;46.378;-79.967;"sturgeon falls"
P2B2R6;46.377;-79.946;"sturgeon falls"
P2B2R7;46.378;-79.913;"sturgeon falls"
P2B2R8;46.378;-79.907;"sturgeon falls"
P2B2R9;46.378;-79.903;"sturgeon falls"
P2B2S1;46.378;-79.914;"sturgeon falls"
P2B2S2;46.397;-79.965;"sturgeon falls"
P2B2S3;46.368;-79.929;"sturgeon falls"
P2B2S4;46.374;-79.879;"sturgeon falls"
P2B2S5;46.374;-79.884;"sturgeon falls"
P2B2S6;46.366;-79.904;"sturgeon falls"
P2B2S7;46.366;-79.892;"sturgeon falls"
P2B2S8;46.369;-79.953;"sturgeon falls"
P2B2S9;46.368;-79.932;"sturgeon falls"
P2B2T1;46.354;-79.891;"sturgeon falls"
P2B2T2;46.378;-79.891;"sturgeon falls"
P2B2T3;46.364;-79.895;"sturgeon falls"
P2B2T4;46.364;-79.897;"sturgeon falls"
P2B2T5;46.364;-79.908;"sturgeon falls"
P2B2T6;46.364;-79.91;"sturgeon falls"
P2B2T7;46.364;-79.938;"sturgeon falls"
P2B2T8;46.364;-79.938;"sturgeon falls"
P2B2T9;46.364;-79.945;"sturgeon falls"
P2B2V1;46.364;-79.94;"sturgeon falls"
P2B2V2;46.364;-79.938;"sturgeon falls"
P2B2V3;46.35;-79.961;"sturgeon falls"
P2B2V4;46.35;-79.968;"sturgeon falls"
P2B2V5;46.35;-79.907;"sturgeon falls"
P2B2V6;46.35;-79.902;"sturgeon falls"
P2B2V7;46.35;-79.909;"sturgeon falls"
P2B2V8;46.35;-79.912;"sturgeon falls"
P2B2V9;46.35;-79.954;"sturgeon falls"
P2B2W1;46.35;-79.946;"sturgeon falls"
P2B2W2;46.35;-79.953;"sturgeon falls"
P2B2W3;46.35;-79.943;"sturgeon falls"
P2B2W4;46.341;-79.977;"sturgeon falls"
P2B2W5;46.334;-79.892;"sturgeon falls"
P2B2W6;46.334;-79.884;"sturgeon falls"
P2B2W7;46.336;-79.912;"sturgeon falls"
P2B2W8;46.336;-79.91;"sturgeon falls"
P2B2W9;46.338;-79.925;"sturgeon falls"
P2B2X1;46.337;-79.928;"sturgeon falls"
P2B2X2;46.338;-79.916;"sturgeon falls"
P2B2X3;46.326;-79.956;"sturgeon falls"
P2B2X4;46.324;-79.948;"sturgeon falls"
P2B2X5;46.334;-79.903;"sturgeon falls"
P2B2X6;46.333;-79.903;"sturgeon falls"
P2B2X7;46.329;-79.898;"sturgeon falls"
P2B2X8;46.366;-79.919;"sturgeon falls"
P2B2X9;46.329;-79.898;"sturgeon falls"
P2B2Y1;46.332;-79.904;"sturgeon falls"
P2B2Y2;46.368;-79.931;"sturgeon falls"
P2B2Y3;46.37;-79.931;"sturgeon falls"
P2B2Y4;46.369;-79.93;"sturgeon falls"
P2B2Y5;46.37;-79.926;"sturgeon falls"
P2B2Y6;46.372;-79.914;"sturgeon falls"
P2B2Y7;46.373;-79.915;"sturgeon falls"
P2B2Y8;46.369;-79.931;"sturgeon falls"
P2B2Y9;46.371;-79.918;"sturgeon falls"
P2B2Z1;46.37;-79.914;"sturgeon falls"
P2B2Z2;46.371;-79.914;"sturgeon falls"
P2B2Z3;46.372;-79.921;"sturgeon falls"
P2B2Z4;46.372;-79.921;"sturgeon falls"
P2B2Z5;46.372;-79.93;"sturgeon falls"
P2B2Z6;46.367;-79.928;"sturgeon falls"
P2B2Z7;46.374;-79.928;"sturgeon falls"
P2B2Z8;46.374;-79.917;"sturgeon falls"
P2B2Z9;46.369;-79.933;"sturgeon falls"
P2B3A1;46.365;-79.929;"sturgeon falls"
P2B3A2;46.365;-79.927;"sturgeon falls"
P2B3A3;46.364;-79.927;"sturgeon falls"
P2B3A4;46.363;-79.926;"sturgeon falls"
P2B3A5;46.363;-79.926;"sturgeon falls"
P2B3A6;46.361;-79.928;"sturgeon falls"
P2B3A7;46.361;-79.926;"sturgeon falls"
P2B3A8;46.361;-79.932;"sturgeon falls"
P2B3A9;46.361;-79.929;"sturgeon falls"
P2B3B1;46.365;-79.925;"sturgeon falls"
P2B3B2;46.365;-79.919;"sturgeon falls"
P2B3B3;46.364;-79.924;"sturgeon falls"
P2B3B4;46.364;-79.921;"sturgeon falls"
P2B3B5;46.364;-79.919;"sturgeon falls"
P2B3B6;46.363;-79.919;"sturgeon falls"
P2B3B7;46.364;-79.914;"sturgeon falls"
P2B3B8;46.363;-79.918;"sturgeon falls"
P2B3B9;46.363;-79.92;"sturgeon falls"
P2B3C1;46.36;-79.918;"sturgeon falls"
P2B3C2;46.362;-79.915;"sturgeon falls"
P2B3C3;46.361;-79.917;"sturgeon falls"
P2B3C4;46.36;-79.916;"sturgeon falls"
P2B3C5;46.36;-79.921;"sturgeon falls"
P2B3C6;46.36;-79.925;"sturgeon falls"
P2B3C7;46.357;-79.931;"sturgeon falls"
P2B3C8;46.357;-79.93;"sturgeon falls"
P2B3C9;46.36;-79.928;"sturgeon falls"
P2B3E1;46.36;-79.925;"sturgeon falls"
P2B3E2;46.358;-79.926;"sturgeon falls"
P2B3E3;46.357;-79.925;"sturgeon falls"
P2B3E4;46.357;-79.927;"sturgeon falls"
P2B3E5;46.357;-79.926;"sturgeon falls"
P2B3E6;46.361;-79.935;"sturgeon falls"
P2B3E7;46.359;-79.935;"sturgeon falls"
P2B3E8;46.359;-79.938;"sturgeon falls"
P2B3E9;46.364;-79.936;"sturgeon falls"
P2B3G1;46.364;-79.938;"sturgeon falls"
P2B3G2;46.358;-79.937;"sturgeon falls"
P2B3G3;46.36;-79.93;"sturgeon falls"
P2B3G4;46.358;-79.93;"sturgeon falls"
P2B3G5;46.357;-79.936;"sturgeon falls"
P2B3G6;46.364;-79.938;"sturgeon falls"
P2B3G7;46.364;-79.936;"sturgeon falls"
P2B3G8;46.364;-79.942;"sturgeon falls"
P2B3G9;46.368;-79.939;"sturgeon falls"
P2B3H1;46.37;-79.939;"sturgeon falls"
P2B3H2;46.373;-79.939;"sturgeon falls"
P2B3H3;46.373;-79.944;"sturgeon falls"
P2B3H4;46.371;-79.942;"sturgeon falls"
P2B3H5;46.373;-79.941;"sturgeon falls"
P2B3H6;46.374;-79.942;"sturgeon falls"
P2B3H7;46.375;-79.942;"sturgeon falls"
P2B3H8;46.375;-79.942;"sturgeon falls"
P2B3H9;46.373;-79.938;"sturgeon falls"
P2B3J1;46.372;-79.936;"sturgeon falls"
P2B3J2;46.376;-79.933;"sturgeon falls"
P2B3J3;46.377;-79.937;"sturgeon falls"
P2B3J4;46.379;-79.884;"sturgeon falls"
P2B3J5;46.375;-79.914;"sturgeon falls"
P2B3J6;46.371;-79.914;"sturgeon falls"
P2B3J7;46.328;-79.882;"sturgeon falls"
P2B3J8;46.326;-79.881;"sturgeon falls"
P2B3J9;46.324;-79.879;"garden village"
P2B3K1;46.326;-79.884;"garden village"
P2B3K2;46.333;-79.851;"sturgeon falls"
P2B3K3;46.317;-79.867;"garden village"
P2B3K4;46.318;-79.869;"garden village"
P2B3K5;46.367;-79.915;"sturgeon falls"
P2B3K6;46.38;-79.929;"sturgeon falls"
P2B3K7;46.349;-79.925;"sturgeon falls"
P2B3K8;46.366;-79.902;"sturgeon falls"
P2B3K9;46.371;-79.953;"sturgeon falls"
P2B3L1;46.368;-79.914;"sturgeon falls"
P2B3L2;46.369;-79.921;"sturgeon falls"
P2B3L3;46.366;-79.939;"sturgeon falls"
P2B3L4;46.366;-79.939;"sturgeon falls"
P2B3L5;46.325;-79.886;"sturgeon falls"
P2B3L6;46.325;-79.887;"sturgeon falls"
P2B3L7;46.325;-79.886;"sturgeon falls"
P2B3L8;46.325;-79.888;"sturgeon falls"
P2B3L9;46.324;-79.886;"sturgeon falls"
P2B3M1;46.324;-79.886;"sturgeon falls"
P2B3M2;46.335;-79.942;"sturgeon falls"
P2B3M3;46.371;-79.914;"sturgeon falls"
P2B3M4;46.365;-79.881;"sturgeon falls"
P2B3M5;46.364;-79.944;"sturgeon falls"
P2B3M6;46.358;-79.938;"sturgeon falls"
P2B3M7;46.39;-79.863;"sturgeon falls"
P2B3M8;46.367;-79.918;"sturgeon falls"
P2B3M9;46.369;-79.729;"garden village"
P2B3N1;46.366;-79.931;"sturgeon falls"
P2B3N2;46.336;-79.914;"sturgeon falls"
P2B3N3;46.378;-79.945;"sturgeon falls"
P2B3N4;46.335;-79.973;"sturgeon falls"
P2B3N5;46.352;-79.952;"sturgeon falls"
P2B3N6;46.359;-79.922;"sturgeon falls"
P2B3N7;46.367;-79.922;"sturgeon falls"
P2B3N8;46.368;-79.923;"sturgeon falls"
P2B3N9;46.36;-79.927;"sturgeon falls"
P2B3P7;46.364;-79.931;"sturgeon falls"
P2B5K6;46.331;-79.901;"sturgeon falls"
P2B6J3;46.364;-79.931;"sturgeon falls"
P2E2E0;48.708;-86.372;"marathon"
P2G3A4;51.024;-114.043;"calgary"
P2N0W6;48.141;-80.027;"kirkland lake"
P2N1A0;48.153;-80.031;"kirkland lake"
P2N1A1;48.152;-80.031;"kirkland lake"
P2N1A2;48.111;-80.101;"kirkland lake"
P2N1A3;48.153;-80.031;"kirkland lake"
P2N1A4;48.154;-80.028;"kirkland lake"
P2N1A5;48.154;-80.029;"kirkland lake"
P2N1A6;48.14;-80.051;"kirkland lake"
P2N1A7;48.155;-80.025;"kirkland lake"
P2N1A8;48.155;-80.024;"kirkland lake"
P2N1A9;48.156;-80.024;"kirkland lake"
P2N1B1;48.153;-80.033;"kirkland lake"
P2N1B2;48.153;-80.033;"kirkland lake"
P2N1B3;48.159;-80.027;"kirkland lake"
P2N1B4;48.158;-80.033;"kirkland lake"
P2N1B5;48.158;-80.028;"kirkland lake"
P2N1B6;48.158;-80.028;"kirkland lake"
P2N1B7;48.16;-80.027;"kirkland lake"
P2N1B8;48.159;-80.027;"kirkland lake"
P2N1B9;48.159;-80.029;"kirkland lake"
P2N1C1;48.159;-80.032;"kirkland lake"
P2N1C2;48.159;-80.034;"kirkland lake"
P2N1C3;48.16;-80.032;"kirkland lake"
P2N1C4;48.159;-80.032;"kirkland lake"
P2N1C5;48.159;-80.033;"kirkland lake"
P2N1C6;48.161;-80.024;"kirkland lake"
P2N1C7;48.161;-80.027;"kirkland lake"
P2N1C8;48.161;-80.03;"kirkland lake"
P2N1C9;48.161;-80.029;"kirkland lake"
P2N1E1;48.161;-80.031;"kirkland lake"
P2N1E2;48.161;-80.03;"kirkland lake"
P2N1E3;48.16;-80.038;"kirkland lake"
P2N1E4;48.162;-80.024;"kirkland lake"
P2N1E5;48.162;-80.024;"kirkland lake"
P2N1E6;48.162;-80.027;"kirkland lake"
P2N1E7;48.162;-80.028;"kirkland lake"
P2N1E8;48.162;-80.029;"kirkland lake"
P2N1E9;48.162;-80.03;"kirkland lake"
P2N1G1;48.161;-80.032;"kirkland lake"
P2N1G2;48.161;-80.034;"kirkland lake"
P2N1G3;48.163;-80.024;"kirkland lake"
P2N1G4;48.163;-80.024;"kirkland lake"
P2N1G5;48.163;-80.026;"kirkland lake"
P2N1G6;48.163;-80.026;"kirkland lake"
P2N1G7;48.163;-80.028;"kirkland lake"
P2N1G8;48.163;-80.027;"kirkland lake"
P2N1G9;48.162;-80.032;"kirkland lake"
P2N1H1;48.162;-80.033;"kirkland lake"
P2N1H2;48.162;-80.032;"kirkland lake"
P2N1H3;48.151;-80.033;"kirkland lake"
P2N1H4;48.153;-80.036;"kirkland lake"
P2N1H5;48.153;-80.035;"kirkland lake"
P2N1H6;48.158;-80.037;"kirkland lake"
P2N1H7;48.155;-80.034;"kirkland lake"
P2N1H8;48.158;-80.037;"kirkland lake"
P2N1H9;48.156;-80.034;"kirkland lake"
P2N1J1;48.159;-80.033;"kirkland lake"
P2N1J2;48.159;-80.032;"kirkland lake"
P2N1J3;48.16;-80.031;"kirkland lake"
P2N1J4;48.16;-80.03;"kirkland lake"
P2N1J5;48.16;-80.03;"kirkland lake"
P2N1J6;48.161;-80.032;"kirkland lake"
P2N1J7;48.161;-80.031;"kirkland lake"
P2N1J8;48.163;-80.032;"kirkland lake"
P2N1J9;48.161;-80.032;"kirkland lake"
P2N1K1;48.163;-80.032;"kirkland lake"
P2N1K2;48.161;-80.03;"kirkland lake"
P2N1K3;48.161;-80.03;"kirkland lake"
P2N1K4;48.161;-80.03;"kirkland lake"
P2N1K5;48.162;-80.031;"kirkland lake"
P2N1K6;48.161;-80.029;"kirkland lake"
P2N1K7;48.161;-80.029;"kirkland lake"
P2N1K8;48.162;-80.029;"kirkland lake"
P2N1K9;48.162;-80.029;"kirkland lake"
P2N1L1;48.161;-80.027;"kirkland lake"
P2N1L2;48.161;-80.027;"kirkland lake"
P2N1L3;48.162;-80.027;"kirkland lake"
P2N1L4;48.162;-80.026;"kirkland lake"
P2N1L5;48.163;-80.027;"kirkland lake"
P2N1L6;48.163;-80.026;"kirkland lake"
P2N1L7;48.161;-80.024;"kirkland lake"
P2N1L8;48.162;-80.024;"kirkland lake"
P2N1L9;48.163;-80.024;"kirkland lake"
P2N1M1;48.159;-80.031;"kirkland lake"
P2N1M2;48.159;-80.03;"kirkland lake"
P2N1M3;48.16;-80.028;"kirkland lake"
P2N1M4;48.159;-80.027;"kirkland lake"
P2N1M5;48.16;-80.027;"kirkland lake"
P2N1M6;48.16;-80.027;"kirkland lake"
P2N1M7;48.159;-80.023;"kirkland lake"
P2N1M8;48.159;-80.023;"kirkland lake"
P2N1M9;48.16;-80.024;"kirkland lake"
P2N1N1;48.146;-80.027;"kirkland lake"
P2N1N2;48.154;-80.026;"kirkland lake"
P2N1N3;48.154;-80.026;"kirkland lake"
P2N1N4;48.154;-80.025;"kirkland lake"
P2N1N5;48.154;-80.025;"kirkland lake"
P2N1N6;48.155;-80.023;"kirkland lake"
P2N1N7;48.155;-80.024;"kirkland lake"
P2N1N8;48.156;-80.022;"kirkland lake"
P2N1N9;48.15;-80.034;"kirkland lake"
P2N1P1;48.11;-80.103;"kirkland lake"
P2N1P2;48.151;-80.029;"kirkland lake"
P2N1P3;48.152;-80.028;"kirkland lake"
P2N1P4;48.152;-80.027;"kirkland lake"
P2N1P5;48.152;-80.027;"kirkland lake"
P2N1P6;48.153;-80.025;"kirkland lake"
P2N1P7;48.153;-80.025;"kirkland lake"
P2N1P8;48.154;-80.023;"kirkland lake"
P2N1P9;48.155;-80.021;"kirkland lake"
P2N1R1;48.149;-80.032;"kirkland lake"
P2N1R2;48.156;-80.019;"kirkland lake"
P2N1R3;48.15;-80.029;"kirkland lake"
P2N1R4;48.151;-80.027;"kirkland lake"
P2N1R5;48.151;-80.027;"kirkland lake"
P2N1R6;48.152;-80.025;"kirkland lake"
P2N1R7;48.152;-80.025;"kirkland lake"
P2N1R8;48.153;-80.023;"kirkland lake"
P2N1R9;48.153;-80.023;"kirkland lake"
P2N1S1;48.153;-80.023;"kirkland lake"
P2N1S2;48.153;-80.023;"kirkland lake"
P2N1S3;48.151;-80.026;"kirkland lake"
P2N1S4;48.15;-80.028;"kirkland lake"
P2N1S5;48.152;-80.024;"kirkland lake"
P2N1S6;48.152;-80.024;"kirkland lake"
P2N1S7;48.153;-80.022;"kirkland lake"
P2N1S8;48.152;-80.023;"kirkland lake"
P2N1S9;48.15;-80.025;"kirkland lake"
P2N1T1;48.151;-80.024;"kirkland lake"
P2N1T2;48.151;-80.024;"kirkland lake"
P2N1T3;48.151;-80.023;"kirkland lake"
P2N1T4;48.152;-80.021;"kirkland lake"
P2N1T5;48.149;-80.025;"kirkland lake"
P2N1T6;48.151;-80.021;"kirkland lake"
P2N1T7;48.151;-80.021;"kirkland lake"
P2N1T8;48.148;-80.027;"kirkland lake"
P2N1T9;48.149;-80.028;"kirkland lake"
P2N1V1;48.148;-80.027;"kirkland lake"
P2N1V2;48.146;-80.03;"kirkland lake"
P2N1V3;48.146;-80.03;"kirkland lake"
P2N1V4;48.146;-80.03;"kirkland lake"
P2N1V5;48.146;-80.029;"kirkland lake"
P2N1V6;48.146;-80.029;"kirkland lake"
P2N1V7;48.147;-80.026;"kirkland lake"
P2N1V8;48.146;-80.028;"kirkland lake"
P2N1V9;48.146;-80.027;"kirkland lake"
P2N1W1;48.147;-80.026;"kirkland lake"
P2N1W2;48.145;-80.027;"kirkland lake"
P2N1W3;48.146;-80.026;"kirkland lake"
P2N1W4;48.145;-80.026;"kirkland lake"
P2N1W5;48.145;-80.025;"kirkland lake"
P2N1W6;48.145;-80.024;"kirkland lake"
P2N1W7;48.144;-80.025;"kirkland lake"
P2N1W8;48.142;-80.029;"kirkland lake"
P2N1W9;48.142;-80.028;"kirkland lake"
P2N1X1;48.141;-80.031;"kirkland lake"
P2N1X2;48.152;-80.034;"kirkland lake"
P2N1X3;48.151;-80.033;"kirkland lake"
P2N1X4;48.151;-80.033;"kirkland lake"
P2N1X5;48.151;-80.033;"kirkland lake"
P2N1X6;48.15;-80.032;"kirkland lake"
P2N1X7;48.153;-80.036;"kirkland lake"
P2N1X8;48.15;-80.032;"kirkland lake"
P2N1X9;48.149;-80.031;"kirkland lake"
P2N1Y1;48.149;-80.031;"kirkland lake"
P2N1Y2;48.146;-80.03;"kirkland lake"
P2N1Y3;48.147;-80.03;"kirkland lake"
P2N1Y4;48.146;-80.03;"kirkland lake"
P2N1Y5;48.145;-80.029;"kirkland lake"
P2N1Y6;48.144;-80.03;"kirkland lake"
P2N1Y7;48.144;-80.03;"kirkland lake"
P2N1Y8;48.147;-80.029;"kirkland lake"
P2N1Y9;48.146;-80.028;"kirkland lake"
P2N1Z1;48.146;-80.028;"kirkland lake"
P2N1Z2;48.145;-80.028;"kirkland lake"
P2N1Z3;48.143;-80.028;"kirkland lake"
P2N1Z4;48.144;-80.028;"kirkland lake"
P2N1Z5;48.142;-80.028;"kirkland lake"
P2N1Z6;48.146;-80.027;"kirkland lake"
P2N1Z7;48.147;-80.027;"kirkland lake"
P2N1Z8;48.15;-80.031;"kirkland lake"
P2N1Z9;48.146;-80.027;"kirkland lake"
P2N2A1;48.144;-80.027;"kirkland lake"
P2N2A2;48.144;-80.027;"kirkland lake"
P2N2A3;48.144;-80.027;"kirkland lake"
P2N2A4;48.145;-80.026;"kirkland lake"
P2N2A5;48.144;-80.026;"kirkland lake"
P2N2A6;48.146;-80.024;"kirkland lake"
P2N2A7;48.152;-80.028;"kirkland lake"
P2N2A8;48.151;-80.026;"kirkland lake"
P2N2A9;48.152;-80.027;"kirkland lake"
P2N2B1;48.151;-80.027;"kirkland lake"
P2N2B2;48.15;-80.026;"kirkland lake"
P2N2B3;48.151;-80.026;"kirkland lake"
P2N2B4;48.153;-80.026;"kirkland lake"
P2N2B5;48.154;-80.026;"kirkland lake"
P2N2B6;48.153;-80.025;"kirkland lake"
P2N2B7;48.153;-80.025;"kirkland lake"
P2N2B8;48.152;-80.024;"kirkland lake"
P2N2B9;48.152;-80.024;"kirkland lake"
P2N2C1;48.151;-80.024;"kirkland lake"
P2N2C2;48.153;-80.025;"kirkland lake"
P2N2C3;48.151;-80.023;"kirkland lake"
P2N2C4;48.151;-80.023;"kirkland lake"
P2N2C5;48.152;-80.021;"kirkland lake"
P2N2C6;48.155;-80.025;"kirkland lake"
P2N2C7;48.155;-80.025;"kirkland lake"
P2N2C8;48.151;-80.04;"kirkland lake"
P2N2C9;48.124;-80.078;"kirkland lake"
P2N2E0;48.141;-80.055;"kirkland lake"
P2N2E1;48.132;-80.067;"kirkland lake"
P2N2E2;48.139;-80.054;"kirkland lake"
P2N2E3;48.142;-80.049;"kirkland lake"
P2N2E4;48.153;-80.03;"kirkland lake"
P2N2E5;48.111;-80.101;"kirkland lake"
P2N2E6;48.146;-80.042;"kirkland lake"
P2N2E7;48.111;-80.102;"kirkland lake"
P2N2E8;48.147;-80.049;"kirkland lake"
P2N2E9;48.13;-80.073;"kirkland lake"
P2N2G0;48.11;-80.103;"kirkland lake"
P2N2G1;48.15;-80.033;"kirkland lake"
P2N2G2;48.15;-80.033;"kirkland lake"
P2N2G3;48.149;-80.036;"kirkland lake"
P2N2G4;48.149;-80.035;"kirkland lake"
P2N2G5;48.149;-80.036;"kirkland lake"
P2N2G6;48.15;-80.032;"kirkland lake"
P2N2G7;48.149;-80.033;"kirkland lake"
P2N2G8;48.149;-80.033;"kirkland lake"
P2N2G9;48.149;-80.035;"kirkland lake"
P2N2H1;48.149;-80.034;"kirkland lake"
P2N2H2;48.149;-80.035;"kirkland lake"
P2N2H3;48.149;-80.036;"kirkland lake"
P2N2H4;48.149;-80.032;"kirkland lake"
P2N2H5;48.149;-80.032;"kirkland lake"
P2N2H6;48.148;-80.031;"kirkland lake"
P2N2H7;48.148;-80.031;"kirkland lake"
P2N2H8;48.148;-80.034;"kirkland lake"
P2N2H9;48.148;-80.033;"kirkland lake"
P2N2J1;48.148;-80.035;"kirkland lake"
P2N2J2;48.148;-80.036;"kirkland lake"
P2N2J3;48.147;-80.031;"kirkland lake"
P2N2J4;48.147;-80.031;"kirkland lake"
P2N2J5;48.147;-80.032;"kirkland lake"
P2N2J6;48.147;-80.032;"kirkland lake"
P2N2J7;48.147;-80.035;"kirkland lake"
P2N2J8;48.147;-80.037;"kirkland lake"
P2N2J9;48.147;-80.037;"kirkland lake"
P2N2K1;48.147;-80.04;"kirkland lake"
P2N2K2;48.147;-80.039;"kirkland lake"
P2N2K3;48.146;-80.033;"kirkland lake"
P2N2K4;48.146;-80.034;"kirkland lake"
P2N2K5;48.146;-80.035;"kirkland lake"
P2N2K6;48.146;-80.035;"kirkland lake"
P2N2K7;48.146;-80.037;"kirkland lake"
P2N2K8;48.146;-80.037;"kirkland lake"
P2N2K9;48.146;-80.031;"kirkland lake"
P2N2L1;48.145;-80.033;"kirkland lake"
P2N2L2;48.145;-80.033;"kirkland lake"
P2N2L3;48.145;-80.035;"kirkland lake"
P2N2L4;48.145;-80.035;"kirkland lake"
P2N2L5;48.145;-80.038;"kirkland lake"
P2N2L6;48.145;-80.037;"kirkland lake"
P2N2L7;48.145;-80.039;"kirkland lake"
P2N2L8;48.145;-80.041;"kirkland lake"
P2N2L9;48.145;-80.042;"kirkland lake"
P2N2M1;48.145;-80.043;"kirkland lake"
P2N2M2;48.145;-80.031;"kirkland lake"
P2N2M3;48.145;-80.031;"kirkland lake"
P2N2M4;48.145;-80.033;"kirkland lake"
P2N2M5;48.145;-80.033;"kirkland lake"
P2N2M6;48.145;-80.034;"kirkland lake"
P2N2M7;48.145;-80.035;"kirkland lake"
P2N2M8;48.144;-80.036;"kirkland lake"
P2N2M9;48.144;-80.038;"kirkland lake"
P2N2N1;48.144;-80.039;"kirkland lake"
P2N2N2;48.144;-80.038;"kirkland lake"
P2N2N3;48.144;-80.041;"kirkland lake"
P2N2N4;48.144;-80.04;"kirkland lake"
P2N2N5;48.144;-80.031;"kirkland lake"
P2N2N6;48.144;-80.031;"kirkland lake"
P2N2N7;48.144;-80.032;"kirkland lake"
P2N2N8;48.144;-80.033;"kirkland lake"
P2N2N9;48.143;-80.042;"kirkland lake"
P2N2P1;48.143;-80.04;"kirkland lake"
P2N2P2;48.143;-80.034;"kirkland lake"
P2N2P3;48.143;-80.034;"kirkland lake"
P2N2P4;48.143;-80.036;"kirkland lake"
P2N2P5;48.143;-80.036;"kirkland lake"
P2N2P6;48.143;-80.038;"kirkland lake"
P2N2P7;48.143;-80.039;"kirkland lake"
P2N2P8;48.143;-80.039;"kirkland lake"
P2N2P9;48.143;-80.033;"kirkland lake"
P2N2R1;48.143;-80.033;"kirkland lake"
P2N2R2;48.142;-80.034;"kirkland lake"
P2N2R3;48.142;-80.036;"kirkland lake"
P2N2R4;48.141;-80.036;"kirkland lake"
P2N2R5;48.141;-80.036;"kirkland lake"
P2N2R6;48.141;-80.037;"kirkland lake"
P2N2R7;48.141;-80.039;"kirkland lake"
P2N2R8;48.141;-80.038;"kirkland lake"
P2N2R9;48.141;-80.039;"kirkland lake"
P2N2S1;48.141;-80.04;"kirkland lake"
P2N2S2;48.141;-80.04;"kirkland lake"
P2N2S3;48.142;-80.039;"kirkland lake"
P2N2S4;48.142;-80.039;"kirkland lake"
P2N2S5;48.142;-80.03;"kirkland lake"
P2N2S6;48.142;-80.03;"kirkland lake"
P2N2S7;48.142;-80.033;"kirkland lake"
P2N2S8;48.142;-80.03;"kirkland lake"
P2N2S9;48.141;-80.032;"kirkland lake"
P2N2T1;48.142;-80.028;"kirkland lake"
P2N2T2;48.141;-80.034;"kirkland lake"
P2N2T3;48.14;-80.034;"kirkland lake"
P2N2T4;48.14;-80.034;"kirkland lake"
P2N2T5;48.148;-80.032;"kirkland lake"
P2N2T6;48.146;-80.031;"kirkland lake"
P2N2T7;48.146;-80.031;"kirkland lake"
P2N2T8;48.11;-80.104;"kirkland lake"
P2N2T9;48.151;-80.034;"kirkland lake"
P2N2V1;48.151;-80.04;"kirkland lake"
P2N2V2;48.15;-80.034;"kirkland lake"
P2N2V3;48.15;-80.034;"kirkland lake"
P2N2V4;48.15;-80.034;"kirkland lake"
P2N2V5;48.15;-80.034;"kirkland lake"
P2N2V6;48.149;-80.033;"kirkland lake"
P2N2V7;48.149;-80.033;"kirkland lake"
P2N2V8;48.148;-80.033;"kirkland lake"
P2N2V9;48.148;-80.032;"kirkland lake"
P2N2W1;48.148;-80.032;"kirkland lake"
P2N2W2;48.146;-80.031;"kirkland lake"
P2N2W3;48.147;-80.032;"kirkland lake"
P2N2W4;48.146;-80.031;"kirkland lake"
P2N2W5;48.146;-80.031;"kirkland lake"
P2N2W6;48.145;-80.031;"kirkland lake"
P2N2W7;48.145;-80.031;"kirkland lake"
P2N2W8;48.144;-80.031;"kirkland lake"
P2N2W9;48.144;-80.03;"kirkland lake"
P2N2X1;48.143;-80.03;"kirkland lake"
P2N2X2;48.143;-80.03;"kirkland lake"
P2N2X3;48.149;-80.034;"kirkland lake"
P2N2X4;48.149;-80.034;"kirkland lake"
P2N2X5;48.141;-80.032;"kirkland lake"
P2N2X6;48.141;-80.032;"kirkland lake"
P2N2X7;48.14;-80.032;"kirkland lake"
P2N2X8;48.141;-80.032;"kirkland lake"
P2N2X9;48.14;-80.032;"kirkland lake"
P2N2Y1;48.141;-80.034;"kirkland lake"
P2N2Y2;48.141;-80.034;"kirkland lake"
P2N2Y3;48.15;-80.036;"kirkland lake"
P2N2Y4;48.149;-80.036;"kirkland lake"
P2N2Y5;48.149;-80.036;"kirkland lake"
P2N2Y6;48.149;-80.036;"kirkland lake"
P2N2Y7;48.148;-80.035;"kirkland lake"
P2N2Y8;48.148;-80.035;"kirkland lake"
P2N2Y9;48.147;-80.035;"kirkland lake"
P2N2Z1;48.147;-80.035;"kirkland lake"
P2N2Z2;48.146;-80.034;"kirkland lake"
P2N2Z3;48.146;-80.034;"kirkland lake"
P2N2Z4;48.146;-80.034;"kirkland lake"
P2N2Z5;48.145;-80.034;"kirkland lake"
P2N2Z6;48.146;-80.035;"kirkland lake"
P2N2Z7;48.145;-80.034;"kirkland lake"
P2N2Z8;48.144;-80.034;"kirkland lake"
P2N2Z9;48.143;-80.034;"kirkland lake"
P2N3A1;48.146;-80.037;"kirkland lake"
P2N3A2;48.145;-80.037;"kirkland lake"
P2N3A3;48.145;-80.037;"kirkland lake"
P2N3A4;48.145;-80.037;"kirkland lake"
P2N3A5;48.144;-80.036;"kirkland lake"
P2N3A6;48.142;-80.036;"kirkland lake"
P2N3A7;48.142;-80.036;"kirkland lake"
P2N3A8;48.144;-80.038;"kirkland lake"
P2N3A9;48.144;-80.038;"kirkland lake"
P2N3B1;48.142;-80.037;"kirkland lake"
P2N3B2;48.142;-80.037;"kirkland lake"
P2N3B3;48.142;-80.037;"kirkland lake"
P2N3B4;48.143;-80.037;"kirkland lake"
P2N3B5;48.148;-80.039;"kirkland lake"
P2N3B6;48.148;-80.039;"kirkland lake"
P2N3B7;48.147;-80.039;"kirkland lake"
P2N3B8;48.147;-80.039;"kirkland lake"
P2N3B9;48.145;-80.039;"kirkland lake"
P2N3C1;48.144;-80.039;"kirkland lake"
P2N3C2;48.144;-80.039;"kirkland lake"
P2N3C3;48.144;-80.039;"kirkland lake"
P2N3C4;48.142;-80.039;"kirkland lake"
P2N3C5;48.142;-80.039;"kirkland lake"
P2N3C6;48.141;-80.039;"kirkland lake"
P2N3C7;48.141;-80.039;"kirkland lake"
P2N3C8;48.148;-80.04;"kirkland lake"
P2N3C9;48.148;-80.038;"kirkland lake"
P2N3E0;48.141;-80.055;"kirkland lake"
P2N3E1;48.146;-80.04;"kirkland lake"
P2N3E2;48.146;-80.04;"kirkland lake"
P2N3E3;48.145;-80.04;"kirkland lake"
P2N3E4;48.144;-80.04;"kirkland lake"
P2N3E5;48.144;-80.04;"kirkland lake"
P2N3E6;48.143;-80.04;"kirkland lake"
P2N3E7;48.143;-80.04;"kirkland lake"
P2N3E8;48.142;-80.04;"kirkland lake"
P2N3E9;48.142;-80.04;"kirkland lake"
P2N3G1