T7A0A1;53.217;-114.952;"drayton valley"
T7A0A2;53.218;-114.955;"drayton valley"
T7A0A3;53.213;-114.975;"drayton valley"
T7A0A4;53.222;-114.97;"drayton valley"
T7A0A5;53.219;-114.977;"drayton valley"
T7A0A6;53.28;-114.95;"drayton valley"
T7A0A7;53.229;-114.974;"drayton valley"
T7A0A8;53.218;-114.953;"drayton valley"
T7A0A9;53.215;-114.97;"drayton valley"
T7A0B1;53.232;-114.984;"drayton valley"
T7A0B2;53.231;-114.989;"drayton valley"
T7A0B3;53.224;-114.975;"drayton valley"
T7A0B4;53.224;-114.975;"drayton valley"
T7A0B5;53.222;-114.977;"drayton valley"
T7A0B6;53.215;-114.961;"drayton valley"
T7A0B7;53.224;-114.955;"drayton valley"
T7A1A0;53.233;-114.98;"drayton valley"
T7A1A1;53.223;-114.978;"drayton valley"
T7A1A2;53.228;-114.972;"drayton valley"
T7A1A3;53.228;-114.97;"drayton valley"
T7A1A4;53.228;-114.969;"drayton valley"
T7A1A5;53.226;-114.97;"drayton valley"
T7A1A6;53.228;-114.963;"drayton valley"
T7A1A7;53.228;-114.961;"drayton valley"
T7A1A8;53.228;-114.96;"drayton valley"
T7A1A9;53.227;-114.957;"drayton valley"
T7A1B0;53.221;-114.976;"drayton valley"
T7A1B1;53.226;-114.957;"drayton valley"
T7A1B2;53.225;-114.96;"drayton valley"
T7A1B3;53.225;-114.957;"drayton valley"
T7A1B4;53.226;-114.963;"drayton valley"
T7A1B5;53.225;-114.969;"drayton valley"
T7A1B6;53.226;-114.966;"drayton valley"
T7A1B7;53.225;-114.962;"drayton valley"
T7A1B8;53.217;-114.971;"drayton valley"
T7A1B9;53.222;-114.963;"drayton valley"
T7A1C1;53.223;-114.965;"drayton valley"
T7A1C2;53.225;-114.967;"drayton valley"
T7A1C3;53.227;-114.968;"drayton valley"
T7A1C4;53.225;-114.972;"drayton valley"
T7A1C5;53.225;-114.968;"drayton valley"
T7A1C6;53.222;-114.966;"drayton valley"
T7A1C7;53.22;-114.973;"drayton valley"
T7A1C8;53.222;-114.973;"drayton valley"
T7A1C9;53.222;-114.975;"drayton valley"
T7A1E1;53.222;-114.97;"drayton valley"
T7A1E2;53.223;-114.972;"drayton valley"
T7A1E3;53.221;-114.951;"drayton valley"
T7A1E4;53.221;-114.954;"drayton valley"
T7A1E5;53.221;-114.957;"drayton valley"
T7A1E6;53.22;-114.959;"drayton valley"
T7A1E7;53.221;-114.957;"drayton valley"
T7A1E8;53.219;-114.958;"drayton valley"
T7A1E9;53.215;-114.972;"drayton valley"
T7A1F8;53.224;-114.975;"drayton valley"
T7A1F9;53.227;-114.974;"drayton valley"
T7A1G1;53.216;-114.965;"drayton valley"
T7A1G2;53.215;-114.963;"drayton valley"
T7A1G3;53.213;-114.963;"drayton valley"
T7A1G4;53.214;-114.964;"drayton valley"
T7A1G5;53.214;-114.966;"drayton valley"
T7A1G6;53.214;-114.968;"drayton valley"
T7A1G7;53.216;-114.965;"drayton valley"
T7A1G8;53.215;-114.969;"drayton valley"
T7A1G9;53.216;-114.966;"drayton valley"
T7A1H1;53.217;-114.964;"drayton valley"
T7A1H2;53.219;-114.964;"drayton valley"
T7A1H3;53.221;-114.963;"drayton valley"
T7A1H4;53.221;-114.964;"drayton valley"
T7A1H5;53.219;-114.966;"drayton valley"
T7A1H6;53.218;-114.967;"drayton valley"
T7A1H7;53.218;-114.969;"drayton valley"
T7A1H8;53.219;-114.97;"drayton valley"
T7A1H9;53.219;-114.97;"drayton valley"
T7A1J1;53.22;-114.97;"drayton valley"
T7A1J2;53.221;-114.972;"drayton valley"
T7A1J3;53.221;-114.97;"drayton valley"
T7A1J4;53.222;-114.972;"drayton valley"
T7A1J5;53.222;-114.972;"drayton valley"
T7A1J6;53.219;-114.97;"drayton valley"
T7A1J7;53.221;-114.978;"drayton valley"
T7A1J8;53.219;-114.984;"drayton valley"
T7A1J9;53.219;-114.984;"drayton valley"
T7A1K1;53.218;-114.985;"drayton valley"
T7A1K2;53.218;-114.982;"drayton valley"
T7A1K3;53.216;-114.983;"drayton valley"
T7A1K4;53.217;-114.98;"drayton valley"
T7A1K5;53.216;-114.981;"drayton valley"
T7A1K6;53.217;-114.981;"drayton valley"
T7A1K7;53.218;-114.981;"drayton valley"
T7A1K8;53.218;-114.978;"drayton valley"
T7A1K9;53.218;-114.975;"drayton valley"
T7A1L0;53.224;-114.975;"drayton valley"
T7A1L1;53.217;-114.978;"drayton valley"
T7A1L2;53.22;-114.97;"drayton valley"
T7A1L3;53.216;-114.979;"drayton valley"
T7A1L4;53.219;-114.993;"drayton valley"
T7A1L5;53.226;-114.978;"drayton valley"
T7A1L6;53.228;-114.957;"drayton valley"
T7A1L7;53.23;-114.978;"drayton valley"
T7A1L8;53.218;-114.978;"drayton valley"
T7A1L9;53.265;-114.987;"drayton valley"
T7A1M1;53.23;-114.978;"drayton valley"
T7A1M2;53.22;-114.977;"drayton valley"
T7A1M3;53.222;-114.967;"drayton valley"
T7A1M4;53.216;-114.974;"drayton valley"
T7A1M5;53.229;-114.975;"drayton valley"
T7A1M6;53.226;-114.977;"drayton valley"
T7A1M7;53.204;-114.962;"drayton valley"
T7A1M8;53.23;-114.936;"drayton valley"
T7A1M9;53.23;-114.936;"drayton valley"
T7A1N1;53.265;-114.987;"drayton valley"
T7A1N2;53.222;-114.977;"drayton valley"
T7A1N3;53.265;-114.987;"drayton valley"
T7A1N4;53.265;-114.987;"drayton valley"
T7A1N5;53.222;-114.966;"drayton valley"
T7A1N6;53.218;-114.975;"drayton valley"
T7A1N7;53.402;-115.706;"drayton valley"
T7A1N8;53.213;-114.968;"drayton valley"
T7A1N9;53.226;-114.96;"drayton valley"
T7A1P1;53.22;-114.974;"drayton valley"
T7A1P2;53.217;-114.966;"drayton valley"
T7A1P3;53.218;-114.967;"drayton valley"
T7A1P4;53.218;-114.961;"drayton valley"
T7A1P5;53.22;-114.961;"drayton valley"
T7A1P6;53.28;-114.95;"drayton valley"
T7A1P7;53.217;-114.989;"drayton valley"
T7A1P8;53.28;-114.95;"drayton valley"
T7A1P9;53.28;-114.95;"drayton valley"
T7A1R1;53.217;-114.989;"drayton valley"
T7A1R2;53.28;-114.95;"drayton valley"
T7A1R3;53.223;-114.976;"drayton valley"
T7A1R4;53.21;-114.976;"drayton valley"
T7A1R5;53.223;-114.98;"drayton valley"
T7A1R6;53.23;-114.999;"drayton valley"
T7A1R7;53.225;-114.978;"drayton valley"
T7A1R8;53.222;-114.996;"drayton valley"
T7A1R9;53.226;-114.972;"drayton valley"
T7A1S1;53.223;-114.983;"drayton valley"
T7A1S2;53.21;-115.036;"drayton valley"
T7A1S3;53.226;-114.978;"drayton valley"
T7A1S4;53.22;-114.971;"drayton valley"
T7A1S5;53.225;-114.978;"drayton valley"
T7A1S6;53.225;-114.976;"drayton valley"
T7A1S7;53.222;-114.972;"drayton valley"
T7A1S8;53.261;-114.961;"drayton valley"
T7A1S9;53.213;-114.979;"drayton valley"
T7A1T1;53.224;-114.974;"drayton valley"
T7A1T2;53.212;-114.968;"drayton valley"
T7A1T3;53.221;-114.952;"drayton valley"
T7A1T4;53.218;-114.972;"drayton valley"
T7A1T5;53.212;-114.969;"drayton valley"
T7A1T6;53.218;-114.957;"drayton valley"
T7A1T7;53.219;-114.974;"drayton valley"
T7A1T8;53.216;-114.956;"drayton valley"
T7A1T9;53.211;-114.966;"drayton valley"
T7A1V1;53.233;-114.97;"drayton valley"
T7A1V2;53.212;-114.969;"drayton valley"
T7A1V3;53.28;-114.95;"drayton valley"
T7A1V4;53.211;-114.974;"drayton valley"
T7A1V5;53.217;-114.989;"drayton valley"
T7A1V6;53.213;-114.969;"drayton valley"
T7A1V7;53.22;-114.955;"drayton valley"
T7A1V8;53.227;-114.973;"drayton valley"
T7A1V9;53.216;-114.953;"drayton valley"
T7A1W1;53.23;-114.98;"drayton valley"
T7A1W2;53.225;-114.98;"drayton valley"
T7A1W3;53.21;-114.968;"drayton valley"
T7A1W4;53.217;-114.955;"drayton valley"
T7A1W5;53.221;-114.969;"drayton valley"
T7A1Z4;53.483;-113.959;"stony plain"
T7A2A1;53.113;-115.101;"drayton valley"
T7A2A2;53.222;-114.95;"drayton valley"
T7A2A3;53.253;-115.065;"drayton valley"
T7A2A7;53.218;-114.978;"drayton valley"
T7A2H3;53.213;-114.975;"drayton valley"
T7A4A6;53.568;-113.903;"spruce grove"
T7A4H7;53.221;-114.976;"drayton valley"
T7C2W5;53.529;-113.999;"stony plain"
T7E0A1;53.4;-117.567;"edson"
T7E0A2;53.579;-116.458;"edson"
T7E0A3;53.587;-116.446;"edson"
T7E0A4;53.59;-116.449;"edson"
T7E0A5;53.595;-116.413;"edson"
T7E0A6;53.656;-116.367;"edson"
T7E0A7;53.595;-116.41;"edson"
T7E0A8;53.585;-116.437;""
T7E0B2;53.577;-116.483;"edson"
T7E0B5;53.533;-113.503;"edmonton"
T7E0S0;53.584;-116.443;"edson"
T7E1A0;53.592;-116.437;"edson"
T7E1A1;53.59;-116.41;"edson"
T7E1A2;53.59;-116.411;"edson"
T7E1A3;53.592;-116.411;"edson"
T7E1A4;53.591;-116.413;"edson"
T7E1A5;53.589;-116.415;"edson"
T7E1A6;53.591;-116.415;"edson"
T7E1A7;53.59;-116.417;"edson"
T7E1A8;53.591;-116.418;"edson"
T7E1A9;53.593;-116.421;"edson"
T7E1B0;53.58;-116.434;"edson"
T7E1B1;53.592;-116.423;"edson"
T7E1B2;53.591;-116.424;"edson"
T7E1B3;53.59;-116.423;"edson"
T7E1B4;53.591;-116.421;"edson"
T7E1B5;53.59;-116.42;"edson"
T7E1B6;53.588;-116.423;"edson"
T7E1B7;53.588;-116.419;"edson"
T7E1B8;53.586;-116.415;"edson"
T7E1B9;53.587;-116.422;"edson"
T7E1C1;53.585;-116.418;"edson"
T7E1C2;53.585;-116.424;"edson"
T7E1C3;53.586;-116.421;"edson"
T7E1C4;53.581;-116.444;"edson"
T7E1C5;53.579;-116.447;"edson"
T7E1C6;53.586;-116.426;"edson"
T7E1C7;53.587;-116.425;"edson"
T7E1C8;53.588;-116.425;"edson"
T7E1C9;53.588;-116.426;"edson"
T7E1E1;53.587;-116.43;"edson"
T7E1E2;53.589;-116.43;"edson"
T7E1E3;53.589;-116.432;"edson"
T7E1E4;53.591;-116.43;"edson"
T7E1E5;53.59;-116.426;"edson"
T7E1E6;53.589;-116.435;"edson"
T7E1E7;53.589;-116.437;"edson"
T7E1E8;53.588;-116.439;"edson"
T7E1E9;53.589;-116.439;"edson"
T7E1G1;53.59;-116.437;"edson"
T7E1G2;53.591;-116.439;"edson"
T7E1G3;53.592;-116.433;"edson"
T7E1G4;53.592;-116.436;"edson"
T7E1G5;53.594;-116.435;"edson"
T7E1G6;53.593;-116.436;"edson"
T7E1G7;53.594;-116.437;"edson"
T7E1G8;53.595;-116.438;"edson"
T7E1G9;53.595;-116.44;"edson"
T7E1H0;53.586;-116.443;"edson"
T7E1H1;53.594;-116.442;"edson"
T7E1H2;53.592;-116.442;"edson"
T7E1H3;53.594;-116.445;"edson"
T7E1H4;53.593;-116.445;"edson"
T7E1H5;53.591;-116.444;"edson"
T7E1H6;53.591;-116.441;"edson"
T7E1H7;53.59;-116.444;"edson"
T7E1H8;53.588;-116.446;"edson"
T7E1H9;53.589;-116.451;"edson"
T7E1J1;53.589;-116.452;"edson"
T7E1J2;53.587;-116.453;"edson"
T7E1J3;53.586;-116.452;"edson"
T7E1J4;53.585;-116.45;"edson"
T7E1J5;53.587;-116.45;"edson"
T7E1J6;53.586;-116.448;"edson"
T7E1J7;53.587;-116.446;"edson"
T7E1J8;53.589;-116.444;"edson"
T7E1J9;53.588;-116.44;"edson"
T7E1K1;53.588;-116.443;"edson"
T7E1K2;53.586;-116.445;"edson"
T7E1K3;53.586;-116.441;"edson"
T7E1K4;53.585;-116.441;"edson"
T7E1K5;53.585;-116.439;"edson"
T7E1K6;53.586;-116.437;"edson"
T7E1K7;53.588;-116.436;"edson"
T7E1K8;53.587;-116.435;"edson"
T7E1K9;53.584;-116.439;"edson"
T7E1L1;53.583;-116.44;"edson"
T7E1L2;53.582;-116.439;"edson"
T7E1L3;53.581;-116.442;"edson"
T7E1L4;53.581;-116.439;"edson"
T7E1L5;53.578;-116.443;"edson"
T7E1L6;53.579;-116.445;"edson"
T7E1L7;53.578;-116.443;"edson"
T7E1L8;53.577;-116.447;"edson"
T7E1L9;53.577;-116.45;"edson"
T7E1M1;53.577;-116.46;"edson"
T7E1M2;53.576;-116.462;"edson"
T7E1M3;53.577;-116.463;"edson"
T7E1M4;53.575;-116.466;"edson"
T7E1M5;53.576;-116.47;"edson"
T7E1M6;53.575;-116.469;"edson"
T7E1M7;53.574;-116.463;"edson"
T7E1M8;53.573;-116.471;"edson"
T7E1M9;53.575;-116.472;"edson"
T7E1N1;53.576;-116.473;"edson"
T7E1N2;53.574;-116.473;"edson"
T7E1N3;53.572;-116.475;"edson"
T7E1N4;53.591;-116.449;"edson"
T7E1N5;53.591;-116.452;"edson"
T7E1N6;53.59;-116.454;"edson"
T7E1N7;53.587;-116.435;"edson"
T7E1N8;53.585;-116.428;"edson"
T7E1N9;53.585;-116.407;"edson"
T7E1O2;53.583;-116.439;"edson"
T7E1P1;53.591;-116.445;"edson"
T7E1P2;53.585;-116.446;"edson"
T7E1P3;53.584;-116.446;"edson"
T7E1P4;53.585;-116.446;"edson"
T7E1P5;53.584;-116.446;"edson"
T7E1P6;53.587;-116.422;"edson"
T7E1P7;53.582;-116.44;"edson"
T7E1P8;53.589;-116.449;"edson"
T7E1P9;53.588;-116.449;"edson"
T7E1R1;53.587;-116.448;"edson"
T7E1R2;53.587;-116.448;"edson"
T7E1R3;53.586;-116.45;"edson"
T7E1R4;53.586;-116.447;"edson"
T7E1R5;53.585;-116.448;"edson"
T7E1R6;53.582;-116.439;"edson"
T7E1R7;53.59;-116.429;"edson"
T7E1R8;53.576;-116.454;"edson"
T7E1R9;53.589;-116.429;"edson"
T7E1S0;53.586;-116.443;"edson"
T7E1S1;53.582;-116.438;"edson"
T7E1S2;53.591;-116.458;"edson"
T7E1S3;53.592;-116.462;"edson"
T7E1S4;53.596;-116.464;"edson"
T7E1S5;53.598;-116.459;"edson"
T7E1S6;53.588;-116.449;"edson"
T7E1S7;53.592;-116.433;"edson"
T7E1S8;53.589;-116.408;"edson"
T7E1S9;53.578;-116.441;"edson"
T7E1T1;53.584;-116.435;"edson"
T7E1T2;53.579;-116.439;"edson"
T7E1T3;53.584;-116.434;"edson"
T7E1T4;53.583;-116.433;"edson"
T7E1T5;53.585;-116.438;"edson"
T7E1T6;53.583;-116.433;"edson"
T7E1T7;53.581;-116.439;"edson"
T7E1T8;53.583;-116.432;"edson"
T7E1T9;53.598;-115.943;"edson"
T7E1V0;53.584;-116.443;"edson"
T7E1V1;53.584;-116.437;"edson"
T7E1V2;53.587;-116.447;"edson"
T7E1V3;53.582;-116.449;"edson"
T7E1V4;53.583;-116.432;"edson"
T7E1V5;53.584;-116.433;"edson"
T7E1V6;53.141;-116.02;"edson"
T7E1V7;53.584;-116.434;"edson"
T7E1V8;53.606;-116.41;"edson"
T7E1V9;53.576;-115.934;"edson"
T7E1W1;53.58;-116.434;"edson"
T7E1W2;53.583;-116.436;"edson"
T7E1W3;53.595;-116.442;"edson"
T7E1W4;53.577;-116.497;"edson"
T7E1W5;53.589;-116.449;"edson"
T7E1W6;53.59;-116.444;"edson"
T7E1W7;53.586;-116.414;"edson"
T7E1W8;53.589;-116.431;"edson"
T7E1W9;53.574;-116.494;"edson"
T7E1X1;53.594;-116.446;"edson"
T7E1X2;53.588;-116.45;"edson"
T7E1X3;53.595;-116.436;"edson"
T7E1X4;53.582;-116.432;"edson"
T7E1X5;53.576;-116.448;"edson"
T7E1X6;53.582;-116.483;"edson"
T7E1X7;53.582;-116.432;"edson"
T7E1X8;53.58;-116.436;"edson"
T7E1X9;53.592;-116.411;"edson"
T7E1Y1;53.586;-116.455;"edson"
T7E1Y2;53.627;-116.507;"edson"
T7E1Y3;53.585;-116.446;"edson"
T7E1Y4;53.589;-116.455;"edson"
T7E1Y5;53.587;-116.458;"edson"
T7E1Y6;53.585;-116.458;"edson"
T7E1Y7;53.586;-116.456;"edson"
T7E1Y8;53.587;-116.455;"edson"
T7E1Y9;53.583;-116.434;"edson"
T7E1Z1;53.587;-116.418;"edson"
T7E1Z2;53.57;-116.476;"edson"
T7E1Z3;53.577;-116.466;"edson"
T7E1Z4;53.589;-116.417;"edson"
T7E1Z5;53.588;-116.419;"edson"
T7E1Z6;53.589;-116.43;"edson"
T7E1Z7;53.594;-116.456;"edson"
T7E2N5;53.59;-116.452;"edson"
T7E2Z4;53.584;-116.443;"edson"
T7G1G7;49.789;-112.16;"taber"
T7H6S8;49.713;-112.84;"lethbridge"
T7J5K7;53.465;-113.539;"edmonton"
T7K1S7;53.547;-113.924;"spruce grove"
T7K3K9;53.545;-113.91;"spruce grove"
T7M1J7;49.728;-112.614;"coaldale"
T7N0A0;54.119;-114.395;"barrhead"
T7N0A1;54.12;-114.421;"barrhead"
T7N0A2;54.131;-114.402;"barrhead"
T7N0A3;54.128;-114.405;"barrhead"
T7N0A4;54.128;-114.392;"barrhead"
T7N1A0;54.118;-114.418;"barrhead"
T7N1A1;54.12;-114.405;"barrhead"
T7N1A2;54.12;-114.404;"barrhead"
T7N1A3;54.125;-114.401;"barrhead"
T7N1A4;54.12;-114.405;"barrhead"
T7N1A5;54.125;-114.402;"barrhead"
T7N1A6;54.122;-114.401;"barrhead"
T7N1A7;54.118;-114.418;"barrhead"
T7N1A8;54.118;-114.418;"barrhead"
T7N1A9;54.118;-114.418;"barrhead"
T7N1B1;54.118;-114.418;"barrhead"
T7N1B2;54.118;-114.418;"barrhead"
T7N1B3;54.118;-114.418;"barrhead"
T7N1B4;54.118;-114.418;"barrhead"
T7N1B5;54.118;-114.418;"barrhead"
T7N1B6;54.118;-114.418;"barrhead"
T7N1B7;54.118;-114.418;"barrhead"
T7N1B8;54.118;-114.418;"barrhead"
T7N1B9;54.123;-114.426;"barrhead"
T7N1C1;54.124;-114.42;"barrhead"
T7N1C2;54.125;-114.413;"barrhead"
T7N1C3;54.125;-114.412;"barrhead"
T7N1C4;54.124;-114.411;"barrhead"
T7N1C5;54.125;-114.412;"barrhead"
T7N1C6;54.126;-114.414;"barrhead"
T7N1C7;54.127;-114.414;"barrhead"
T7N1C8;54.13;-114.413;"barrhead"
T7N1C9;54.128;-114.412;"barrhead"
T7N1E1;54.128;-114.412;"barrhead"
T7N1E2;54.127;-114.412;"barrhead"
T7N1E3;54.127;-114.409;"barrhead"
T7N1E4;54.123;-114.409;"barrhead"
T7N1E5;54.122;-114.413;"barrhead"
T7N1E6;54.124;-114.407;"barrhead"
T7N1E7;54.122;-114.409;"barrhead"
T7N1E8;54.121;-114.408;"barrhead"
T7N1E9;54.123;-114.406;"barrhead"
T7N1G1;54.121;-114.406;"barrhead"
T7N1G2;54.118;-114.411;"barrhead"
T7N1G3;54.119;-114.41;"barrhead"
T7N1G4;54.118;-114.407;"barrhead"
T7N1G5;54.117;-114.409;"barrhead"
T7N1G6;54.117;-114.405;"barrhead"
T7N1G7;54.116;-114.404;"barrhead"
T7N1G8;54.115;-114.398;"barrhead"
T7N1G9;54.118;-114.402;"barrhead"
T7N1H1;54.119;-114.403;"barrhead"
T7N1H2;54.122;-114.4;"barrhead"
T7N1H3;54.123;-114.397;"barrhead"
T7N1H4;54.12;-114.398;"barrhead"
T7N1H5;54.119;-114.397;"barrhead"
T7N1H6;54.117;-114.396;"barrhead"
T7N1H7;54.118;-114.396;"barrhead"
T7N1H8;54.12;-114.396;"barrhead"
T7N1H9;54.122;-114.395;"barrhead"
T7N1J1;54.122;-114.393;"barrhead"
T7N1J2;54.12;-114.392;"barrhead"
T7N1J3;54.119;-114.393;"barrhead"
T7N1J4;54.117;-114.392;"barrhead"
T7N1J5;54.119;-114.39;"barrhead"
T7N1J6;54.118;-114.393;"barrhead"
T7N1J7;54.122;-114.391;"barrhead"
T7N1J8;54.124;-114.392;"barrhead"
T7N1J9;54.125;-114.391;"barrhead"
T7N1K1;54.126;-114.391;"barrhead"
T7N1K2;54.126;-114.392;"barrhead"
T7N1K3;54.127;-114.389;"barrhead"
T7N1K4;54.128;-114.391;"barrhead"
T7N1K5;54.128;-114.394;"barrhead"
T7N1K6;54.126;-114.394;"barrhead"
T7N1K7;54.124;-114.395;"barrhead"
T7N1K8;54.123;-114.397;"barrhead"
T7N1K9;54.124;-114.397;"barrhead"
T7N1L1;54.121;-114.407;"barrhead"
T7N1L2;54.128;-114.406;"barrhead"
T7N1L3;54.128;-114.403;"barrhead"
T7N1L4;54.127;-114.403;"barrhead"
T7N1L5;54.127;-114.404;"barrhead"
T7N1L6;54.127;-114.404;"barrhead"
T7N1L7;54.122;-114.408;"barrhead"
T7N1L8;54.119;-114.412;"barrhead"
T7N1L9;54.118;-114.408;"barrhead"
T7N1M1;54.117;-114.409;"barrhead"
T7N1M2;54.122;-114.396;"barrhead"
T7N1M3;54.121;-114.396;"barrhead"
T7N1M4;54.121;-114.394;"barrhead"
T7N1M5;54.12;-114.391;"barrhead"
T7N1M6;54.121;-114.389;"barrhead"
T7N1M7;54.121;-114.388;"barrhead"
T7N1M8;54.119;-114.39;"barrhead"
T7N1M9;54.117;-114.39;"barrhead"
T7N1N1;54.128;-114.405;"barrhead"
T7N1N2;53.838;-114.155;"barrhead"
T7N1N3;54.134;-114.67;"barrhead"
T7N1N4;54.122;-114.403;"barrhead"
T7N1N5;54.123;-114.401;"barrhead"
T7N1N6;54.122;-114.42;"barrhead"
T7N1N7;54.121;-114.419;"barrhead"
T7N1N8;54.122;-114.415;"barrhead"
T7N1N9;54.121;-114.408;"barrhead"
T7N1P1;54.122;-114.395;"barrhead"
T7N1P2;54.123;-114.407;"barrhead"
T7N1P3;54.123;-114.401;"barrhead"
T7N1P4;54.125;-114.649;"barrhead"
T7N1P5;54.128;-114.394;"barrhead"
T7N1P6;54.128;-114.395;"barrhead"
T7N1P7;54.122;-114.405;"barrhead"
T7N1P8;54.122;-114.391;"barrhead"
T7N1P9;54.121;-114.4;"barrhead"
T7N1R1;52.266;-113.805;"red deer"
T7N1T1;54.126;-114.405;"barrhead"
T7N1W2;54.126;-114.405;"barrhead"
T7N2N1;54.128;-114.405;"barrhead"
T7P0A1;54.15;-113.863;"westlock"
T7P0A2;54.146;-113.852;"westlock"
T7P0A3;54.155;-113.833;"westlock"
T7P0A4;54.154;-113.847;"westlock"
T7P0G0;54.158;-113.859;"westlock"
T7P0G7;54.152;-113.846;"westlock"
T7P1A0;54.158;-113.859;"westlock"
T7P1A1;54.159;-113.834;"westlock"
T7P1A2;54.164;-113.841;"westlock"
T7P1A3;54.164;-113.843;"westlock"
T7P1A4;54.163;-113.839;"westlock"
T7P1A5;54.163;-113.836;"westlock"
T7P1A6;54.159;-113.834;"westlock"
T7P1A7;54.163;-113.845;"westlock"
T7P1A8;54.159;-113.837;"westlock"
T7P1A9;54.158;-113.836;"westlock"
T7P1B0;54.156;-113.857;"westlock"
T7P1B1;54.164;-113.843;"westlock"
T7P1B2;54.157;-113.833;"westlock"
T7P1B3;54.159;-113.841;"westlock"
T7P1B4;54.162;-113.841;"westlock"
T7P1B5;54.164;-113.839;"westlock"
T7P1B6;54.163;-113.835;"westlock"
T7P1B7;54.162;-113.84;"westlock"
T7P1B8;54.159;-113.836;"westlock"
T7P1B9;54.161;-113.836;"westlock"
T7P1C1;54.163;-113.841;"westlock"
T7P1C2;54.162;-113.837;"westlock"
T7P1C3;54.16;-113.836;"westlock"
T7P1C4;54.163;-113.836;"westlock"
T7P1C5;54.161;-113.837;"westlock"
T7P1C6;54.161;-113.836;"westlock"
T7P1C7;54.162;-113.839;"westlock"
T7P1C8;54.161;-113.839;"westlock"
T7P1C9;54.162;-113.842;"westlock"
T7P1E1;54.16;-113.839;"westlock"
T7P1E2;54.16;-113.839;"westlock"
T7P1E3;54.16;-113.84;"westlock"
T7P1E4;54.159;-113.837;"westlock"
T7P1E5;54.16;-113.843;"westlock"
T7P1E6;54.158;-113.832;"westlock"
T7P1E7;54.158;-113.848;"westlock"
T7P1E8;54.159;-113.833;"westlock"
T7P1E9;54.159;-113.832;"westlock"
T7P1G1;54.163;-113.847;"westlock"
T7P1G2;54.163;-113.849;"westlock"
T7P1G3;54.161;-113.855;"westlock"
T7P1G4;54.157;-113.832;"westlock"
T7P1G5;54.157;-113.832;"westlock"
T7P1G6;54.156;-113.831;"westlock"
T7P1G7;54.157;-113.833;"westlock"
T7P1G8;54.157;-113.836;"westlock"
T7P1G9;54.161;-113.852;"westlock"
T7P1H1;54.156;-113.836;"westlock"
T7P1H2;54.16;-113.856;"westlock"
T7P1H3;54.15;-113.844;"westlock"
T7P1H4;54.154;-113.835;"westlock"
T7P1H5;54.154;-113.838;"westlock"
T7P1H6;54.154;-113.839;"westlock"
T7P1H7;54.154;-113.84;"westlock"
T7P1H8;54.154;-113.839;"westlock"
T7P1H9;54.159;-113.858;"westlock"
T7P1J1;54.159;-113.858;"westlock"
T7P1J2;54.16;-113.852;"westlock"
T7P1J3;54.159;-113.848;"westlock"
T7P1J4;54.157;-113.841;"westlock"
T7P1J5;54.157;-113.841;"westlock"
T7P1J6;54.16;-113.843;"westlock"
T7P1J7;54.155;-113.842;"westlock"
T7P1J8;54.156;-113.84;"westlock"
T7P1J9;54.158;-113.855;"westlock"
T7P1K1;54.156;-113.842;"westlock"
T7P1K2;54.157;-113.84;"westlock"
T7P1K3;54.156;-113.844;"westlock"
T7P1K4;54.155;-113.848;"westlock"
T7P1K5;54.154;-113.85;"westlock"
T7P1K6;54.155;-113.856;"westlock"
T7P1K7;54.154;-113.849;"westlock"
T7P1K8;54.155;-113.849;"westlock"
T7P1K9;54.155;-113.846;"westlock"
T7P1L1;54.156;-113.85;"westlock"
T7P1L2;54.155;-113.845;"westlock"
T7P1L3;54.156;-113.853;"westlock"
T7P1L4;54.157;-113.848;"westlock"
T7P1L5;54.158;-113.846;"westlock"
T7P1L6;54.159;-113.852;"westlock"
T7P1L7;54.157;-113.841;"westlock"
T7P1L8;54.157;-113.844;"westlock"
T7P1L9;54.159;-113.843;"westlock"
T7P1M1;54.157;-113.845;"westlock"
T7P1M2;54.157;-113.842;"westlock"
T7P1M3;54.158;-113.846;"westlock"
T7P1M4;54.159;-113.844;"westlock"
T7P1M5;54.158;-113.846;"westlock"
T7P1M6;54.157;-113.844;"westlock"
T7P1M7;54.149;-113.852;"westlock"
T7P1M8;54.159;-113.864;"westlock"
T7P1M9;54.157;-113.863;"westlock"
T7P1N1;54.158;-113.864;"westlock"
T7P1N2;54.16;-113.864;"westlock"
T7P1N3;54.159;-113.866;"westlock"
T7P1N4;54.159;-113.867;"westlock"
T7P1N5;54.157;-113.867;"westlock"
T7P1N6;54.158;-113.865;"westlock"
T7P1N7;54.157;-113.866;"westlock"
T7P1N8;54.157;-113.865;"westlock"
T7P1N9;54.157;-113.866;"westlock"
T7P1P1;54.157;-113.865;"westlock"
T7P1P2;54.156;-113.867;"westlock"
T7P1P3;54.156;-113.868;"westlock"
T7P1P4;54.156;-113.867;"westlock"
T7P1P5;54.157;-113.869;"westlock"
T7P1P6;54.156;-113.87;"westlock"
T7P1P7;54.158;-113.866;"westlock"
T7P1P8;54.155;-113.869;"westlock"
T7P1P9;54.154;-113.872;"westlock"
T7P1R1;54.155;-113.873;"westlock"
T7P1R2;54.155;-113.872;"westlock"
T7P1R3;54.154;-113.871;"westlock"
T7P1R4;54.152;-113.871;"westlock"
T7P1R5;54.153;-113.87;"westlock"
T7P1R6;54.154;-113.867;"westlock"
T7P1R7;54.152;-113.872;"westlock"
T7P1R8;54.153;-113.869;"westlock"
T7P1R9;54.154;-113.866;"westlock"
T7P1S1;54.153;-113.868;"westlock"
T7P1S2;54.154;-113.866;"westlock"
T7P1S3;54.153;-113.867;"westlock"
T7P1S4;54.154;-113.865;"westlock"
T7P1S5;54.152;-113.864;"westlock"
T7P1S6;54.152;-113.866;"westlock"
T7P1S7;54.154;-113.862;"westlock"
T7P1S8;54.153;-113.864;"westlock"
T7P1S9;54.153;-113.863;"westlock"
T7P1T1;54.152;-113.862;"westlock"
T7P1T2;54.153;-113.861;"westlock"
T7P1T3;54.153;-113.862;"westlock"
T7P1T4;54.152;-113.86;"westlock"
T7P1T5;54.153;-113.859;"westlock"
T7P1T6;54.154;-113.86;"westlock"
T7P1T7;54.153;-113.859;"westlock"
T7P1T8;54.153;-113.86;"westlock"
T7P1T9;54.153;-113.86;"westlock"
T7P1V1;54.154;-113.86;"westlock"
T7P1V2;54.154;-113.86;"westlock"
T7P1V3;54.155;-113.855;"westlock"
T7P1V4;54.155;-113.854;"westlock"
T7P1V5;54.156;-113.856;"westlock"
T7P1V6;54.156;-113.853;"westlock"
T7P1V7;54.155;-113.858;"westlock"
T7P1V8;54.156;-113.855;"westlock"
T7P1V9;54.155;-113.858;"westlock"
T7P1W1;54.156;-113.855;"westlock"
T7P1W2;54.157;-113.853;"westlock"
T7P1W3;54.156;-113.859;"westlock"
T7P1W4;54.157;-113.856;"westlock"
T7P1W5;54.156;-113.844;"westlock"
T7P1W6;54.156;-113.859;"westlock"
T7P1W7;54.158;-113.855;"westlock"
T7P1W8;54.159;-113.852;"westlock"
T7P1W9;54.157;-113.858;"westlock"
T7P1X1;54.158;-113.857;"westlock"
T7P1X2;54.159;-113.853;"westlock"
T7P1X3;54.158;-113.857;"westlock"
T7P1X4;54.158;-113.855;"westlock"
T7P1X5;54.159;-113.857;"westlock"
T7P1X6;54.154;-113.854;"westlock"
T7P1X7;54.154;-113.854;"westlock"
T7P1X8;54.154;-113.853;"westlock"
T7P1X9;54.154;-113.853;"westlock"
T7P1Y1;54.15;-113.862;"westlock"
T7P1Y2;54.15;-113.863;"westlock"
T7P1Y3;54.15;-113.858;"westlock"
T7P1Y4;54.152;-113.867;"westlock"
T7P1Y5;54.151;-113.869;"westlock"
T7P1Y6;54.151;-113.859;"westlock"
T7P1Y7;54.151;-113.866;"westlock"
T7P1Y8;54.151;-113.864;"westlock"
T7P1Y9;54.152;-113.859;"westlock"
T7P1Z1;54.151;-113.862;"westlock"
T7P1Z2;54.15;-113.859;"westlock"
T7P1Z3;54.151;-113.856;"westlock"
T7P1Z4;54.15;-113.856;"westlock"
T7P1Z5;54.152;-113.855;"westlock"
T7P1Z6;54.15;-113.856;"westlock"
T7P1Z7;54.151;-113.855;"westlock"
T7P1Z8;54.15;-113.855;"westlock"
T7P1Z9;54.151;-113.855;"westlock"
T7P2A1;54.15;-113.854;"westlock"
T7P2A2;54.151;-113.862;"westlock"
T7P2A3;54.15;-113.863;"westlock"
T7P2A4;54.15;-113.863;"westlock"
T7P2A5;54.149;-113.862;"westlock"
T7P2A6;54.148;-113.862;"westlock"
T7P2A7;54.148;-113.861;"westlock"
T7P2A8;54.15;-113.862;"westlock"
T7P2A9;54.147;-113.86;"westlock"
T7P2B1;54.147;-113.859;"westlock"
T7P2B2;54.148;-113.86;"westlock"
T7P2B3;54.149;-113.86;"westlock"
T7P2B4;54.148;-113.859;"westlock"
T7P2B5;54.149;-113.859;"westlock"
T7P2B6;54.152;-113.88;"westlock"
T7P2B7;54.154;-113.848;"westlock"
T7P2B8;54.159;-113.825;"westlock"
T7P2B9;54.152;-113.83;"westlock"
T7P2C1;54.158;-113.864;"westlock"
T7P2C2;54.152;-113.83;"westlock"
T7P2C3;54.156;-113.863;"westlock"
T7P2C4;54.156;-113.863;"westlock"
T7P2C5;54.152;-113.844;"westlock"
T7P2C6;54.153;-113.856;"westlock"
T7P2C7;54.152;-113.852;"westlock"
T7P2C8;54.156;-113.862;"westlock"
T7P2C9;54.155;-113.842;"westlock"
T7P2E1;54.155;-113.841;"westlock"
T7P2E2;54.155;-113.848;"westlock"
T7P2E3;54.153;-113.841;"westlock"
T7P2E4;54.157;-113.847;"westlock"
T7P2E5;54.159;-113.849;"westlock"
T7P2E6;54.159;-113.843;"westlock"
T7P2E7;54.159;-113.849;"westlock"
T7P2E8;54.152;-113.875;"westlock"
T7P2E9;54.154;-113.856;"westlock"
T7P2G1;54.159;-113.851;"westlock"
T7P2G2;54.15;-113.859;"westlock"
T7P2G3;54.15;-113.857;"westlock"
T7P2G4;54.146;-113.852;"westlock"
T7P2G5;54.152;-113.854;"westlock"
T7P2G6;54.152;-113.855;"westlock"
T7P2G7;54.155;-113.861;"westlock"
T7P2G8;54.155;-113.852;"westlock"
T7P2G9;54.15;-113.849;"westlock"
T7P2H1;54.149;-113.852;"westlock"
T7P2H2;54.15;-113.855;"westlock"
T7P2H3;54.15;-113.857;"westlock"
T7P2H4;54.152;-113.867;"westlock"
T7P2H5;54.151;-113.858;"westlock"
T7P2H6;54.152;-113.852;"westlock"
T7P2H7;54.156;-113.856;"westlock"
T7P2H8;54.159;-113.842;"westlock"
T7P2H9;54.154;-113.854;"westlock"
T7P2J1;54.153;-113.874;"westlock"
T7P2J2;54.153;-113.859;"westlock"
T7P2J3;54.158;-113.864;"westlock"
T7P2J4;54.157;-113.863;"westlock"
T7P2J5;54.156;-113.862;"westlock"
T7P2J6;54.051;-113.88;"westlock"
T7P2J7;54.156;-113.863;"westlock"
T7P2J8;54.155;-113.862;"westlock"
T7P2J9;54.155;-113.861;"westlock"
T7P2K1;54.154;-113.863;"westlock"
T7P2K2;54.155;-113.862;"westlock"
T7P2K3;54.155;-113.861;"westlock"
T7P2K4;54.155;-113.862;"westlock"
T7P2K5;54.155;-113.865;"westlock"
T7P2K6;54.155;-113.863;"westlock"
T7P2K7;54.156;-113.862;"westlock"
T7P2K8;54.156;-113.861;"westlock"
T7P2K9;54.154;-113.871;"westlock"
T7P2L1;54.15;-113.851;"westlock"
T7P2L2;54.151;-113.868;"westlock"
T7P2L3;54.152;-113.875;"westlock"
T7P2L4;54.152;-113.884;"westlock"
T7P2L5;54.152;-113.884;"westlock"
T7P2L6;54.152;-113.881;"westlock"
T7P2L7;54.154;-113.876;"westlock"
T7P2L8;54.154;-113.872;"westlock"
T7P2L9;54.157;-113.875;"westlock"
T7P2M1;54.155;-113.878;"westlock"
T7P2M2;54.156;-113.873;"westlock"
T7P2M3;54.158;-113.877;"westlock"
T7P2M4;54.155;-113.884;"westlock"
T7P2M5;54.155;-113.884;"westlock"
T7P2M6;54.154;-113.878;"westlock"
T7P2M7;54.152;-113.88;"westlock"
T7P2M8;54.167;-113.876;"westlock"
T7P2M9;54.153;-113.88;"westlock"
T7P2N1;54.153;-113.884;"westlock"
T7P2N2;54.157;-113.884;"westlock"
T7P2N3;54.156;-113.886;"westlock"
T7P2N4;54.155;-113.888;"westlock"
T7P2N5;54.154;-113.865;"westlock"
T7P2N6;54.158;-113.888;"westlock"
T7P2N7;54.157;-113.832;"westlock"
T7P2N8;54.159;-113.851;"westlock"
T7P2N9;54.051;-113.88;"westlock"
T7P2P1;54.158;-113.868;"westlock"
T7P2P2;54.155;-113.884;"westlock"
T7P2P3;54.152;-113.888;"westlock"
T7P2P4;54.166;-113.853;"westlock"
T7P2P5;54.157;-113.866;"westlock"
T7P2P6;54.155;-113.871;"westlock"
T7P2P7;54.147;-113.632;"westlock"
T7P2P8;54.158;-113.868;"westlock"
T7P2P9;54.152;-113.877;"westlock"
T7P2R1;54.158;-113.868;"westlock"
T7P2R2;54.151;-113.858;"westlock"
T7P2R3;54.149;-113.854;"westlock"
T7P2R4;54.152;-113.884;"westlock"
T7P2R5;54.158;-113.864;"westlock"
T7P2R6;54.162;-113.876;"westlock"
T7P2R7;54.157;-113.863;"westlock"
T7P2R8;54.159;-113.864;"westlock"
T7P2R9;54.162;-113.852;"westlock"
T7P2S1;54.161;-113.856;"westlock"
T7P2S2;54.158;-113.864;"westlock"
T7P5E4;54.156;-113.857;"westlock"
T7S0A1;54.15;-115.664;"whitecourt"
T7S0A2;54.125;-115.655;"whitecourt"
T7S0A3;54.131;-115.668;"whitecourt"
T7S0A4;54.13;-115.678;"whitecourt"
T7S0A5;54.146;-115.67;"whitecourt"
T7S0A6;54.14;-115.71;"whitecourt"
T7S0A7;54.15;-115.657;"whitecourt"
T7S0A8;54.15;-115.656;"whitecourt"
T7S0A9;54.131;-115.658;"whitecourt"
T7S0B1;54.139;-115.675;"whitecourt"
T7S0B2;54.143;-115.662;"whitecourt"
T7S0B3;54.143;-115.658;"whitecourt"
T7S0B4;54.145;-115.671;"whitecourt"
T7S0B5;54.122;-115.651;"whitecourt"
T7S0B6;54.149;-115.663;"whitecourt"
T7S0B7;54.147;-115.62;"woodlands"
T7S0B8;54.134;-115.727;"whitecourt"
T7S0B9;54.15;-115.656;"whitecourt"
T7S0C1;54.148;-115.657;"whitecourt"
T7S0C2;54.151;-115.655;"whitecourt"
T7S0C3;54.124;-115.657;"whitecourt"
T7S0C4;54.142;-115.675;"whitecourt"
T7S0C5;54.146;-115.654;"whitecourt"
T7S0C6;54.149;-115.665;"whitecourt"
T7S0C8;54.13;-115.677;"whitecourt"
T7S1A0;54.121;-115.652;"whitecourt"
T7S1A1;54.142;-115.687;"whitecourt"
T7S1A2;54.144;-115.682;"whitecourt"
T7S1A3;54.144;-115.679;"whitecourt"
T7S1A4;54.145;-115.679;"whitecourt"
T7S1A5;54.144;-115.677;"whitecourt"
T7S1A6;54.143;-115.675;"whitecourt"
T7S1A7;54.145;-115.675;"whitecourt"
T7S1A8;54.145;-115.674;"whitecourt"
T7S1A9;54.145;-115.676;"whitecourt"
T7S1B1;54.147;-115.675;"whitecourt"
T7S1B2;54.147;-115.677;"whitecourt"
T7S1B3;54.147;-115.68;"whitecourt"
T7S1B4;54.148;-115.677;"whitecourt"
T7S1B5;54.149;-115.678;"whitecourt"
T7S1B6;54.149;-115.681;"whitecourt"
T7S1B7;54.15;-115.681;"whitecourt"
T7S1B8;54.15;-115.679;"whitecourt"
T7S1B9;54.148;-115.674;"whitecourt"
T7S1C1;54.15;-115.674;"whitecourt"
T7S1C2;54.151;-115.675;"whitecourt"
T7S1C3;54.151;-115.674;"whitecourt"
T7S1C4;54.152;-115.673;"whitecourt"
T7S1C5;54.146;-115.662;"whitecourt"
T7S1C6;54.146;-115.661;"whitecourt"
T7S1C7;54.146;-115.659;"whitecourt"
T7S1C8;54.147;-115.657;"whitecourt"
T7S1C9;54.147;-115.656;"whitecourt"
T7S1E1;54.13;-115.677;"whitecourt"
T7S1E2;54.131;-115.68;"whitecourt"
T7S1E3;54.131;-115.679;"whitecourt"
T7S1E4;54.133;-115.681;"whitecourt"
T7S1E5;54.13;-115.681;"whitecourt"
T7S1E6;54.131;-115.683;"whitecourt"
T7S1E7;54.129;-115.684;"whitecourt"
T7S1E8;54.13;-115.681;"whitecourt"
T7S1E9;54.128;-115.684;"whitecourt"
T7S1G1;54.126;-115.681;"whitecourt"
T7S1G2;54.126;-115.681;"whitecourt"
T7S1G3;54.126;-115.676;"whitecourt"
T7S1G4;54.125;-115.673;"whitecourt"
T7S1G5;54.124;-115.669;"whitecourt"
T7S1G6;54.137;-115.697;"whitecourt"
T7S1G7;54.125;-115.666;"whitecourt"
T7S1G8;54.126;-115.668;"whitecourt"
T7S1G9;54.126;-115.67;"whitecourt"
T7S1H1;54.126;-115.674;"whitecourt"
T7S1H2;54.128;-115.673;"whitecourt"
T7S1H3;54.128;-115.672;"whitecourt"
T7S1H4;54.129;-115.674;"whitecourt"
T7S1H5;54.117;-115.66;"whitecourt"
T7S1H6;54.117;-115.656;"whitecourt"
T7S1H7;54.121;-115.66;"whitecourt"
T7S1H8;54.119;-115.658;"whitecourt"
T7S1H9;54.118;-115.662;"whitecourt"
T7S1J1;54.131;-115.659;"whitecourt"
T7S1J2;54.13;-115.66;"whitecourt"
T7S1J3;54.127;-115.661;"whitecourt"
T7S1J4;54.128;-115.661;"whitecourt"
T7S1J5;54.129;-115.662;"whitecourt"
T7S1J6;54.129;-115.661;"whitecourt"
T7S1J7;54.145;-115.668;"whitecourt"
T7S1J8;54.145;-115.668;"whitecourt"
T7S1J9;54.145;-115.668;"whitecourt"
T7S1K1;54.145;-115.668;"whitecourt"
T7S1K2;54.145;-115.668;"whitecourt"
T7S1K3;54.144;-115.715;"whitecourt"
T7S1K4;54.144;-115.715;"whitecourt"
T7S1K5;54.125;-115.666;"whitecourt"
T7S1K6;54.135;-115.7;"whitecourt"
T7S1K7;54.128;-115.671;"whitecourt"
T7S1K8;54.131;-115.676;"whitecourt"
T7S1K9;54.131;-115.677;"whitecourt"
T7S1L1;54.13;-115.672;"whitecourt"
T7S1L2;54.13;-115.673;"whitecourt"
T7S1L3;54.129;-115.671;"whitecourt"
T7S1L4;54.13;-115.672;"whitecourt"
T7S1L5;54.13;-115.675;"whitecourt"
T7S1L6;54.13;-115.674;"whitecourt"
T7S1L7;54.146;-115.659;"whitecourt"
T7S1L8;54.141;-115.673;"whitecourt"
T7S1L9;54.141;-115.673;"whitecourt"
T7S1M1;54.141;-115.673;"whitecourt"
T7S1M2;54.141;-115.673;"whitecourt"
T7S1M3;54.141;-115.676;"whitecourt"
T7S1M4;54.142;-115.674;"whitecourt"
T7S1M5;54.142;-115.673;"whitecourt"
T7S1M6;54.142;-115.676;"whitecourt"
T7S1M7;54.144;-115.677;"whitecourt"
T7S1M8;54.131;-115.676;"whitecourt"
T7S1M9;54.149;-115.674;"whitecourt"
T7S1N1;54.128;-115.668;"whitecourt"
T7S1N2;54.126;-115.666;"whitecourt"
T7S1N3;54.141;-115.692;"whitecourt"
T7S1N4;54.138;-115.673;"whitecourt"
T7S1N5;54.137;-115.682;"whitecourt"
T7S1N6;54.138;-115.68;"whitecourt"
T7S1N7;54.084;-115.509;"whitecourt"
T7S1N8;54.139;-115.677;"whitecourt"
T7S1N9;54.141;-115.681;"whitecourt"
T7S1P0;54.136;-115.664;"whitecourt"
T7S1P1;54.132;-115.67;"whitecourt"
T7S1P2;54.13;-115.668;"whitecourt"
T7S1P3;54.144;-115.684;"whitecourt"
T7S1P4;54.131;-115.669;"whitecourt"
T7S1P5;54.135;-115.673;"whitecourt"
T7S1P6;54.139;-115.657;"whitecourt"
T7S1P7;54.135;-115.685;"whitecourt"
T7S1P8;54.124;-115.659;"whitecourt"
T7S1P9;54.145;-115.702;"whitecourt"
T7S1R1;54.152;-115.68;"whitecourt"
T7S1R2;54.124;-115.664;"whitecourt"
T7S1R3;54.123;-115.664;"whitecourt"
T7S1R4;54.122;-115.662;"whitecourt"
T7S1R5;54.15;-115.67;"whitecourt"
T7S1R6;54.151;-115.67;"whitecourt"
T7S1R7;54.149;-115.671;"whitecourt"
T7S1R8;54.148;-115.67;"whitecourt"
T7S1R9;54.142;-115.679;"whitecourt"
T7S1S1;54.134;-115.673;"whitecourt"
T7S1S2;54.149;-115.658;"whitecourt"
T7S1S3;54.118;-115.666;"whitecourt"
T7S1S4;54.119;-115.67;"whitecourt"
T7S1S5;54.121;-115.672;"whitecourt"
T7S1S6;54.12;-115.671;"whitecourt"
T7S1S7;54.118;-115.667;"whitecourt"
T7S1S8;54.142;-115.685;"whitecourt"
T7S1S9;54.131;-115.676;"whitecourt"
T7S1T1;54.147;-115.657;"whitecourt"
T7S1T2;54.146;-115.667;"whitecourt"
T7S1T3;54.146;-115.666;"whitecourt"
T7S1T4;54.12;-115.665;"whitecourt"
T7S1T5;54.145;-115.669;"whitecourt"
T7S1T6;54.146;-115.656;"whitecourt"
T7S1T7;54.146;-115.656;"whitecourt"
T7S1T8;54.147;-115.662;"whitecourt"
T7S1T9;54.147;-115.664;"whitecourt"
T7S1V1;54.144;-115.662;"whitecourt"
T7S1V2;54.144;-115.659;"whitecourt"
T7S1V3;54.119;-115.665;"whitecourt"
T7S1V4;54.143;-115.684;"whitecourt"
T7S1V5;54.145;-115.67;"whitecourt"
T7S1V6;54.145;-115.67;"whitecourt"
T7S1V7;54.146;-115.673;"whitecourt"
T7S1V8;54.149;-115.657;"whitecourt"
T7S1V9;54.143;-115.662;"whitecourt"
T7S1W1;54.144;-115.659;"whitecourt"
T7S1W2;54.134;-115.676;"whitecourt"
T7S1W3;54.141;-115.678;"whitecourt"
T7S1W4;54.146;-115.667;"whitecourt"
T7S1W5;54.15;-115.663;"whitecourt"
T7S1W6;54.141;-115.674;"whitecourt"
T7S1W7;54.151;-115.662;"whitecourt"
T7S1W8;54.141;-115.685;"whitecourt"
T7S1W9;54.119;-115.663;"whitecourt"
T7S1X1;54.151;-115.659;"whitecourt"
T7S1X2;54.148;-115.655;"whitecourt"
T7S1X3;54.12;-115.654;"whitecourt"
T7S1X4;54.116;-115.648;"whitecourt"
T7S1X5;54.148;-115.675;"whitecourt"
T7S1X6;54.127;-115.665;"whitecourt"
T7S1X7;54.143;-115.706;"whitecourt"
T7S2G3;54.136;-115.664;"whitecourt"
T7S5W9;54.128;-115.68;"whitecourt"
T7S7E7;54.129;-115.679;"whitecourt"
T7V0A1;53.4;-117.567;"hinton"
T7V0A2;53.414;-117.563;"hinton"
T7V0A3;53.388;-117.632;"hinton"
T7V0A4;53.437;-117.522;"hinton"
T7V0A5;53.398;-117.592;"hinton"
T7V0A6;53.404;-117.572;"hinton"
T7V0A7;53.38;-117.628;"hinton"
T7V0A8;53.404;-117.557;"hinton"
T7V0A9;53.404;-117.572;""
T7V0B1;53.404;-117.572;"hinton"
T7V0B2;53.387;-117.611;"hinton"
T7V0B5;53.394;-117.601;"hinton"
T7V0B8;53.383;-117.629;"hinton"
T7V1A0;53.398;-117.555;"hinton"
T7V1A1;53.398;-117.555;"hinton"
T7V1A2;53.425;-117.534;"hinton"
T7V1A3;53.427;-117.531;"hinton"
T7V1A4;53.427;-117.53;"hinton"
T7V1A5;53.427;-117.53;"hinton"
T7V1A6;53.427;-117.529;"hinton"
T7V1A7;53.428;-117.528;"hinton"
T7V1A8;53.428;-117.531;"hinton"
T7V1A9;53.426;-117.533;"hinton"
T7V1B1;53.419;-117.539;"hinton"
T7V1B2;53.425;-117.542;"hinton"
T7V1B3;53.424;-117.541;"hinton"
T7V1B4;53.424;-117.542;"hinton"
T7V1B5;53.422;-117.545;"hinton"
T7V1B6;53.422;-117.546;"hinton"
T7V1B7;53.423;-117.548;"hinton"
T7V1B8;53.422;-117.552;"hinton"
T7V1B9;53.42;-117.552;"hinton"
T7V1C0;53.425;-117.554;"hinton"
T7V1C1;53.421;-117.55;"hinton"
T7V1C2;53.422;-117.549;"hinton"
T7V1C3;53.422;-117.547;"hinton"
T7V1C4;53.423;-117.544;"hinton"
T7V1C5;53.422;-117.545;"hinton"
T7V1C6;53.421;-117.544;"hinton"
T7V1C7;53.421;-117.541;"hinton"
T7V1C8;53.42;-117.544;"hinton"
T7V1C9;53.419;-117.546;"hinton"
T7V1E1;53.419;-117.546;"hinton"
T7V1E2;53.418;-117.548;"hinton"
T7V1E3;53.42;-117.548;"hinton"
T7V1E4;53.421;-117.546;"hinton"
T7V1E5;53.42;-117.547;"hinton"
T7V1E6;53.421;-117.548;"hinton"
T7V1E7;53.418;-117.555;"hinton"
T7V1E8;53.418;-117.556;"hinton"
T7V1E9;53.416;-117.557;"hinton"
T7V1G1;53.415;-117.557;"hinton"
T7V1G2;53.415;-117.554;"hinton"
T7V1G3;53.416;-117.553;"hinton"
T7V1G4;53.418;-117.552;"hinton"
T7V1G5;53.416;-117.555;"hinton"
T7V1G6;53.417;-117.555;"hinton"
T7V1G7;53.421;-117.555;"hinton"
T7V1G8;53.419;-117.56;"hinton"
T7V1G9;53.417;-117.559;"hinton"
T7V1H1;53.415;-117.562;"hinton"
T7V1H2;53.43;-117.419;"hinton"
T7V1H3;53.406;-117.553;"hinton"
T7V1H4;53.405;-117.554;"hinton"
T7V1H5;53.403;-117.553;"hinton"
T7V1H6;53.402;-117.556;"hinton"
T7V1H7;53.404;-117.556;"hinton"
T7V1H8;53.398;-117.571;"hinton"
T7V1H9;53.396;-117.578;"hinton"
T7V1J1;53.397;-117.578;"hinton"
T7V1J2;53.397;-117.579;"hinton"
T7V1J3;53.396;-117.581;"hinton"
T7V1J4;53.395;-117.581;"hinton"
T7V1J5;53.395;-117.579;"hinton"
T7V1J6;53.394;-117.579;"hinton"
T7V1J7;53.394;-117.579;"hinton"
T7V1J8;53.393;-117.58;"hinton"
T7V1J9;53.392;-117.581;"hinton"
T7V1K0;53.391;-117.588;"hinton"
T7V1K1;53.39;-117.584;"hinton"
T7V1K2;53.391;-117.584;"hinton"
T7V1K3;53.394;-117.586;"hinton"
T7V1K4;53.392;-117.587;"hinton"
T7V1K5;53.391;-117.586;"hinton"
T7V1K6;53.39;-117.586;"hinton"
T7V1K7;53.388;-117.59;"hinton"
T7V1K8;53.39;-117.59;"hinton"
T7V1K9;53.39;-117.59;"hinton"
T7V1L1;53.388;-117.592;"hinton"
T7V1L2;53.386;-117.593;"hinton"
T7V1L3;53.385;-117.595;"hinton"
T7V1L4;53.385;-117.597;"hinton"
T7V1L5;53.387;-117.598;"hinton"
T7V1L6;53.388;-117.596;"hinton"
T7V1L7;53.387;-117.594;"hinton"
T7V1L8;53.388;-117.594;"hinton"
T7V1L9;53.389;-117.597;"hinton"
T7V1M1;53.39;-117.595;"hinton"
T7V1M2;53.391;-117.592;"hinton"
T7V1M3;53.392;-117.59;"hinton"
T7V1M4;53.393;-117.59;"hinton"
T7V1M5;53.392;-117.598;"hinton"
T7V1M6;53.391;-117.601;"hinton"
T7V1M7;53.39;-117.605;"hinton"
T7V1M8;53.389;-117.605;"hinton"
T7V1M9;53.387;-117.602;"hinton"
T7V1N1;53.395;-117.601;"hinton"
T7V1N2;53.392;-117.608;"hinton"
T7V1N3;53.392;-117.605;"hinton"
T7V1N4;53.394;-117.599;"hinton"
T7V1N5;53.394;-117.6;"hinton"
T7V1N6;53.394;-117.598;"hinton"
T7V1N7;53.394;-117.597;"hinton"
T7V1N8;53.395;-117.596;"hinton"
T7V1N9;53.394;-117.596;"hinton"
T7V1P1;53.396;-117.596;"hinton"
T7V1P2;53.395;-117.596;"hinton"
T7V1P3;53.396;-117.595;"hinton"
T7V1P4;53.397;-117.594;"hinton"
T7V1P5;53.395;-117.592;"hinton"
T7V1P6;53.395;-117.595;"hinton"
T7V1P7;53.395;-117.59;"hinton"
T7V1P8;53.395;-117.59;"hinton"
T7V1P9;53.397;-117.587;"hinton"
T7V1R1;53.397;-117.588;"hinton"
T7V1R2;53.397;-117.587;"hinton"
T7V1R3;53.391;-117.609;"hinton"
T7V1R4;53.391;-117.608;"hinton"
T7V1R5;53.391;-117.606;"hinton"
T7V1R6;53.392;-117.608;"hinton"
T7V1R7;53.425;-117.543;"hinton"
T7V1R8;53.391;-117.606;"hinton"
T7V1R9;53.391;-117.609;"hinton"
T7V1S0;53.404;-117.572;"hinton"
T7V1S1;53.391;-117.606;"hinton"
T7V1S2;53.424;-117.551;"hinton"
T7V1S3;53.426;-117.541;"hinton"
T7V1S4;53.428;-117.533;"hinton"
T7V1S5;53.422;-117.562;"hinton"
T7V1S6;53.406;-117.548;"hinton"
T7V1S7;53.405;-117.55;"hinton"
T7V1S8;53.394;-117.606;"hinton"
T7V1S9;53.391;-117.613;"hinton"
T7V1T1;53.386;-117.62;"hinton"
T7V1T2;53.417;-117.559;"hinton"
T7V1T3;53.418;-117.559;"hinton"
T7V1T4;53.397;-117.599;"hinton"
T7V1T5;53.397;-117.585;"hinton"
T7V1T6;53.397;-117.591;"hinton"
T7V1T7;53.419;-117.551;"hinton"
T7V1T8;53.398;-117.574;"hinton"
T7V1T9;53.396;-117.592;"hinton"
T7V1V1;53.412;-117.565;"hinton"
T7V1V2;53.398;-117.586;"hinton"
T7V1V3;53.399;-117.58;"hinton"
T7V1V4;53.398;-117.555;"hinton"
T7V1V5;53.398;-117.555;"hinton"
T7V1V6;53.394;-117.348;"hinton"
T7V1V7;53.415;-117.57;"hinton"
T7V1V8;53.406;-117.55;"hinton"
T7V1V9;53.423;-117.548;"hinton"
T7V1W1;53.408;-117.565;"hinton"
T7V1W2;53.418;-117.547;"hinton"
T7V1W3;53.417;-117.547;"hinton"
T7V1W4;53.418;-117.547;"hinton"
T7V1W5;53.405;-117.566;"hinton"
T7V1W6;53.417;-117.546;"hinton"
T7V1W7;53.391;-117.583;"hinton"
T7V1W8;53.392;-117.586;"hinton"
T7V1W9;53.386;-117.593;"hinton"
T7V1X1;53.387;-117.591;"hinton"
T7V1X2;53.398;-117.591;"hinton"
T7V1X3;53.389;-117.605;"hinton"
T7V1X4;53.395;-117.607;"hinton"
T7V1X5;53.388;-117.605;"hinton"
T7V1X6;53.407;-117.31;"hinton"
T7V1X7;53.398;-117.583;"hinton"
T7V1X8;53.396;-117.588;"hinton"
T7V1X9;53.425;-117.554;"hinton"
T7V1Y1;53.422;-117.55;"hinton"
T7V1Y2;53.425;-117.541;"hinton"
T7V1Y3;53.427;-117.535;"hinton"
T7V1Y4;53.332;-117.717;"hinton"
T7V1Y5;53.4;-117.571;"hinton"
T7V1Y6;53.381;-117.626;"hinton"
T7V1Y7;53.414;-117.577;"hinton"
T7V1Y8;53.407;-117.548;"hinton"
T7V1Y9;53.406;-117.552;"hinton"
T7V1Z1;53.394;-117.617;"hinton"
T7V1Z2;53.402;-117.56;"hinton"
T7V1Z3;53.399;-117.551;"hinton"
T7V1Z4;53.428;-117.534;"hinton"
T7V1Z5;53.428;-117.533;"hinton"
T7V1Z6;53.427;-117.534;"hinton"
T7V1Z7;53.425;-117.546;"hinton"
T7V1Z8;53.409;-117.554;"hinton"
T7V1Z9;53.405;-117.561;"hinton"
T7V2A1;53.405;-117.56;"hinton"
T7V2A2;53.426;-117.543;"hinton"
T7V2A3;53.423;-117.543;"hinton"
T7V2A4;53.425;-117.543;"hinton"
T7V2A5;53.424;-117.545;"hinton"
T7V2A6;53.424;-117.546;"hinton"
T7V2A7;53.4;-117.588;"hinton"
T7V2A8;53.398;-117.591;"hinton"
T7V2A9;53.398;-117.589;"hinton"
T7V2B1;53.4;-117.589;"hinton"
T7V2B2;53.399;-117.588;"hinton"
T7V2B3;53.398;-117.591;"hinton"
T7V2B4;53.398;-117.592;"hinton"
T7V2B5;53.4;-117.588;"hinton"
T7V2B6;53.399;-117.586;"hinton"
T7V2B7;53.4;-117.586;"hinton"
T7V2B8;53.424;-117.547;"hinton"
T7V2B9;53.399;-117.587;"hinton"
T7V2C1;53.4;-117.588;"hinton"
T7V2C2;53.406;-117.547;"hinton"
T7V2C3;53.415;-117.552;"hinton"
T7V2C4;53.427;-117.539;"hinton"
T7V2C5;53.384;-117.623;"hinton"
T7V2C6;53.425;-117.536;"hinton"
T7V2C7;53.425;-117.536;"hinton"
T7V2C8;53.425;-117.536;"hinton"
T7V2C9;53.424;-117.534;"hinton"
T7V2E1;53.402;-117.558;"hinton"
T7V2E2;53.4;-117.559;"hinton"
T7V2E3;53.423;-117.54;"hinton"
T7V2E4;53.399;-117.57;"hinton"
T7V2E5;53.398;-117.575;"hinton"
T7V2E6;53.398;-117.555;"hinton"
T7V2E7;53.398;-117.575;"hinton"
T7V2E8;53.398;-117.575;"hinton"
T7V2E9;53.41;-117.563;"hinton"
T7V2G1;53.388;-117.594;"hinton"
T7V2G2;53.396;-117.592;"hinton"
T7V2G3;53.428;-117.541;"hinton"
T7V2G4;53.406;-117.548;"hinton"
T7V2G5;53.409;-117.554;"hinton"
T7V2O3;53.401;-117.585;"hinton"
T7V3J5;53.404;-117.572;"hinton"
T7X0A0;53.542;-113.833;"spruce grove"
T7X0A1;53.546;-113.933;"spruce grove"
T7X0A2;53.56;-113.886;"spruce grove"
T7X0A3;53.564;-113.923;"spruce grove"
T7X0A4;53.55;-113.899;"spruce grove"
T7X0A5;53.557;-113.945;"spruce grove"
T7X0A6;53.555;-113.933;"spruce grove"
T7X0A7;53.554;-113.88;"spruce grove"
T7X0A8;53.546;-113.876;"spruce grove"
T7X0A9;53.559;-113.935;"spruce grove"
T7X0B1;53.56;-113.888;"spruce grove"
T7X0B2;53.56;-113.879;"spruce grove"
T7X0B3;53.56;-113.886;"spruce grove"
T7X0B4;53.561;-113.886;"spruce grove"
T7X0B5;53.56;-113.88;"spruce grove"
T7X0B6;53.561;-113.88;"spruce grove"
T7X0B7;53.559;-113.902;"spruce grove"
T7X0B8;53.563;-113.881;"spruce grove"
T7X0B9;53.563;-113.88;"spruce grove"
T7X0C1;53.563;-113.879;"spruce grove"
T7X0C2;53.563;-113.878;"spruce grove"
T7X0C3;53.56;-113.877;"spruce grove"
T7X0C4;53.557;-113.941;"spruce grove"
T7X0C5;53.56;-113.945;"spruce grove"
T7X0C6;53.56;-113.945;"spruce grove"
T7X0C7;53.559;-113.947;"spruce grove"
T7X0C8;53.528;-113.89;"spruce grove"
T7X0E3;53.547;-113.875;"spruce grove"
T7X0E4;53.547;-113.875;"spruce grove"
T7X0E5;53.564;-113.923;"spruce grove"
T7X0E6;53.565;-113.923;"spruce grove"
T7X0E7;53.55;-113.943;"spruce grove"
T7X0E8;53.563;-113.943;"spruce grove"
T7X0E9;53.562;-113.945;"spruce grove"
T7X0G1;53.563;-113.946;"spruce grove"
T7X0G2;53.543;-113.903;"spruce grove"
T7X0G3;53.58;-113.917;"spruce grove"
T7X0G4;53.546;-113.906;"spruce grove"
T7X0G5;53.551;-113.942;"spruce grove"
T7X0G6;53.58;-113.917;"spruce grove"
T7X0G7;53.553;-113.931;"spruce grove"
T7X0G8;53.547;-113.938;"spruce grove"
T7X0G9;53.564;-113.877;"spruce grove"
T7X0H1;53.564;-113.877;"spruce grove"
T7X0H2;53.561;-113.876;"spruce grove"
T7X0H3;53.563;-113.877;"spruce grove"
T7X0H4;53.569;-113.896;"spruce grove"
T7X0H5;53.556;-113.938;"spruce grove"
T7X0H6;53.555;-113.937;"spruce grove"
T7X0H7;53.553;-113.931;"spruce grove"
T7X0H8;53.567;-113.914;"spruce grove"
T7X0H9;53.567;-113.912;"spruce grove"
T7X0J1;53.563;-113.892;"spruce grove"
T7X0J2;53.563;-113.892;"spruce grove"
T7X0J4;53.557;-113.938;"spruce grove"
T7X0J5;53.543;-113.894;"spruce grove"
T7X0J6;53.543;-113.9;"spruce grove"
T7X0J7;53.563;-113.874;"spruce grove"
T7X0J8;53.56;-113.875;"spruce grove"
T7X0J9;53.557;-113.939;"spruce grove"
T7X0K1;53.568;-113.913;"spruce grove"
T7X0K2;53.556;-113.948;"spruce grove"
T7X0K3;53.547;-113.932;"spruce grove"
T7X0K4;53.563;-113.95;"spruce grove"
T7X0K5;53.562;-113.947;"spruce grove"
T7X0K6;53.561;-113.949;"spruce grove"
T7X0K7;53.542;-113.924;"spruce grove"
T7X0L2;53.559;-113.909;"spruce grove"
T7X0L4;53.547;-113.944;"spruce grove"
T7X0L5;53.551;-113.94;"spruce grove"
T7X0L6;53.549;-113.947;"spruce grove"
T7X0L7;53.559;-113.867;"spruce grove"
T7X0L8;53.56;-113.942;"spruce grove"
T7X0L9;53.559;-113.868;"spruce grove"
T7X0M1;53.562;-113.866;"spruce grove"
T7X0M2;53.563;-113.866;"spruce grove"
T7X0M3;53.562;-113.866;"spruce grove"
T7X0M4;53.563;-113.862;"spruce grove"
T7X0M9;53.524;-113.885;"spruce grove"
T7X0N3;53.54;-113.926;"spruce grove"
T7X0N6;53.557;-113.93;"spruce grove"
T7X0N8;53.556;-113.594;"edmonton"
T7X0N9;53.541;-113.924;"spruce grove"
T7X0P2;53.561;-113.949;"spruce grove"
T7X0P6;53.559;-113.878;"spruce grove"
T7X0S7;53.562;-113.874;"spruce grove"
T7X0X1;53.542;-113.833;"spruce grove"
T7X0X2;53.559;-113.878;"spruce grove"
T7X1A0;53.549;-113.924;"spruce grove"
T7X1A1;53.549;-113.9;"spruce grove"
T7X1A2;53.552;-113.894;"spruce grove"
T7X1A3;53.552;-113.896;"spruce grove"
T7X1A4;53.552;-113.896;"spruce grove"
T7X1A5;53.551;-113.89;"spruce grove"
T7X1A6;53.552;-113.897;"spruce grove"
T7X1A7;53.552;-113.896;"spruce grove"
T7X1A8;53.552;-113.896;"spruce grove"
T7X1A9;53.551;-113.899;"spruce grove"
T7X1B0;53.542;-113.833;"spruce grove"
T7X1B1;53.553;-113.897;"spruce grove"
T7X1B2;53.555;-113.897;"spruce grove"
T7X1B3;53.555;-113.896;"spruce grove"
T7X1B4;53.554;-113.893;"spruce grove"
T7X1B5;53.554;-113.893;"spruce grove"
T7X1B6;53.555;-113.893;"spruce grove"
T7X1B7;53.555;-113.894;"spruce grove"
T7X1B8;53.554;-113.896;"spruce grove"
T7X1B9;53.553;-113.895;"spruce grove"
T7X1C1;53.553;-113.895;"spruce grove"
T7X1C2;53.552;-113.893;"spruce grove"
T7X1C3;53.552;-113.892;"spruce grove"
T7X1C4;53.552;-113.892;"spruce grove"
T7X1C5;53.553;-113.891;"spruce grove"
T7X1C6;53.552;-113.891;"spruce grove"
T7X1C7;53.553;-113.891;"spruce grove"
T7X1C8;53.554;-113.891;"spruce grove"
T7X1C9;53.555;-113.891;"spruce grove"
T7X1E1;53.555;-113.889;"spruce grove"
T7X1E2;53.554;-113.889;"spruce grove"
T7X1E3;53.555;-113.887;"spruce grove"
T7X1E4;53.555;-113.887;"spruce grove"
T7X1E5;53.555;-113.888;"spruce grove"
T7X1E6;53.552;-113.887;"spruce grove"
T7X1E7;53.552;-113.889;"spruce grove"
T7X1E8;53.553;-113.888;"spruce grove"
T7X1E9;53.553;-113.887;"spruce grove"
T7X1G1;53.552;-113.887;"spruce grove"
T7X1G2;53.552;-113.889;"spruce grove"
T7X1G3;53.553;-113.889;"spruce grove"
T7X1G4;53.552;-113.887;"spruce grove"
T7X1G5;53.551;-113.887;"spruce grove"
T7X1G6;53.551;-113.889;"spruce grove"
T7X1G7;53.552;-113.892;"spruce grove"
T7X1G8;53.552;-113.892;"spruce grove"
T7X1G9;53.549;-113.897;"spruce grove"
T7X1H1;53.551;-113.893;"spruce grove"
T7X1H2;53.55;-113.894;"spruce grove"
T7X1H3;53.551;-113.89;"spruce grove"
T7X1H4;53.551;-113.891;"spruce grove"
T7X1H5;53.55;-113.89;"spruce grove"
T7X1H6;53.55;-113.891;"spruce grove"
T7X1H7;53.55;-113.89;"spruce grove"
T7X1H8;53.549;-113.888;"spruce grove"
T7X1H9;53.549;-113.887;"spruce grove"
T7X1J1;53.55;-113.887;"spruce grove"
T7X1J2;53.549;-113.894;"spruce grove"
T7X1J3;53.549;-113.894;"spruce grove"
T7X1J4;53.55;-113.894;"spruce grove"
T7X1J5;53.549;-113.89;"spruce grove"
T7X1J6;53.549;-113.891;"spruce grove"
T7X1J7;53.549;-113.889;"spruce grove"
T7X1J8;53.551;-113.902;"spruce grove"
T7X1J9;53.553;-113.898;"spruce grove"
T7X1K1;53.553;-113.898;"spruce grove"
T7X1K2;53.554;-113.898;"spruce grove"
T7X1K3;53.553;-113.9;"spruce grove"
T7X1K4;53.553;-113.9;"spruce grove"
T7X1K5;53.552;-113.898;"spruce grove"
T7X1K6;53.553;-113.9;"spruce grove"
T7X1K7;53.552;-113.898;"spruce grove"
T7X1K8;53.554;-113.899;"spruce grove"
T7X1K9;53.555;-113.901;"spruce grove"
T7X1L1;53.555;-113.899;"spruce grove"
T7X1L2;53.554;-113.901;"spruce grove"
T7X1L3;53.555;-113.901;"spruce grove"
T7X1L4;53.556;-113.906;"spruce grove"
T7X1L5;53.556;-113.908;"spruce grove"
T7X1L6;53.555;-113.909;"spruce grove"
T7X1L7;53.555;-113.903;"spruce grove"
T7X1L8;53.556;-113.905;"spruce grove"
T7X1L9;53.555;-113.905;"spruce grove"
T7X1M1;53.554;-113.907;"spruce grove"
T7X1M2;53.554;-113.906;"spruce grove"
T7X1M3;53.553;-113.909;"spruce grove"
T7X1M4;53.554;-113.904;"spruce grove"
T7X1M5;53.554;-113.904;"spruce grove"
T7X1M6;53.553;-113.903;"spruce grove"
T7X1M7;53.553;-113.906;"spruce grove"
T7X1M8;53.553;-113.904;"spruce grove"
T7X1M9;53.553;-113.906;"spruce grove"
T7X1N1;53.552;-113.909;"spruce grove"
T7X1N2;53.553;-113.909;"spruce grove"
T7X1N3;53.552;-113.907;"spruce grove"
T7X1N4;53.552;-113.906;"spruce grove"
T7X1N5;53.552;-113.905;"spruce grove"
T7X1N6;53.55;-113.909;"spruce grove"
T7X1N7;53.55;-113.909;"spruce grove"
T7X1N8;53.552;-113.907;"spruce grove"
T7X1N9;53.552;-113.907;"spruce grove"
T7X1P1;53.551;-113.907;"spruce grove"
T7X1P2;53.551;-113.904;"spruce grove"
T7X1P3;53.551;-113.904;"spruce grove"
T7X1P4;53.551;-113.907;"spruce grove"
T7X1P5;53.55;-113.906;"spruce grove"
T7X1P6;53.55;-113.905;"spruce grove"
T7X1P7;53.551;-113.903;"spruce grove"
T7X1P8;53.552;-113.902;"spruce grove"
T7X1P9;53.551;-113.903;"spruce grove"
T7X1R0;53.536;-113.922;"spruce grove"
T7X1R1;53.543;-113.91;"spruce grove"
T7X1R2;53.542;-113.911;"spruce grove"
T7X1R3;53.543;-113.924;"spruce grove"
T7X1R4;53.543;-113.924;"spruce grove"
T7X1R5;53.544;-113.924;"spruce grove"
T7X1R6;53.544;-113.924;"spruce grove"
T7X1R7;53.544;-113.925;"spruce grove"
T7X1R8;53.544;-113.927;"spruce grove"
T7X1R9;53.543;-113.927;"spruce grove"
T7X1S0;53.542;-113.882;"spruce grove"
T7X1S1;53.544;-113.925;"spruce grove"
T7X1S2;53.545;-113.926;"spruce grove"
T7X1S3;53.544;-113.925;"spruce grove"
T7X1S4;53.545;-113.927;"spruce grove"
T7X1S5;53.547;-113.924;"spruce grove"
T7X1S6;53.546;-113.925;"spruce grove"
T7X1S7;53.546;-113.923;"spruce grove"
T7X1S8;53.546;-113.924;"spruce grove"
T7X1S9;53.545;-113.924;"spruce grove"
T7X1T1;53.546;-113.923;"spruce grove"
T7X1T2;53.547;-113.922;"spruce grove"
T7X1T3;53.547;-113.922;"spruce grove"
T7X1T4;53.546;-113.922;"spruce grove"
T7X1T5;53.545;-113.922;"spruce grove"
T7X1T6;53.545;-113.922;"spruce grove"
T7X1T7;53.546;-113.921;"spruce grove"
T7X1T8;53.546;-113.919;"spruce grove"
T7X1T9;53.546;-113.919;"spruce grove"
T7X1V1;53.546;-113.92;"spruce grove"
T7X1V2;53.545;-113.92;"spruce grove"
T7X1V3;53.544;-113.92;"spruce grove"
T7X1V4;53.544;-113.92;"spruce grove"
T7X1V5;53.544;-113.921;"spruce grove"
T7X1V6;53.544;-113.921;"spruce grove"
T7X1V7;53.544;-113.921;"spruce grove"
T7X1V8;53.544;-113.919;"spruce grove"
T7X1V9;53.544;-113.918;"spruce grove"
T7X1W1;53.544;-113.918;"spruce grove"
T7X1W2;53.545;-113.919;"spruce grove"
T7X1W3;53.545;-113.918;"spruce grove"
T7X1W4;53.544;-113.917;"spruce grove"
T7X1W5;53.552;-113.882;"spruce grove"
T7X1W6;53.551;-113.882;"spruce grove"
T7X1W7;53.553;-113.883;"spruce grove"
T7X1W8;53.554;-113.882;"spruce grove"
T7X1W9;53.552;-113.882;"spruce grove"
T7X1X1;53.553;-113.883;"spruce grove"
T7X1X2;53.553;-113.881;"spruce grove"
T7X1X3;53.573;-113.914;"spruce grove"
T7X1X4;53.554;-113.883;"spruce grove"
T7X1X5;53.555;-113.884;"spruce grove"
T7X1X6;53.555;-113.883;"spruce grove"
T7X1X7;53.555;-113.881;"spruce grove"
T7X1X8;53.555;-113.881;"spruce grove"
T7X1X9;53.554;-113.88;"spruce grove"
T7X1Y1;53.554;-113.883;"spruce grove"
T7X1Y2;53.555;-113.879;"spruce grove"
T7X1Y3;53.556;-113.879;"spruce grove"
T7X1Y4;53.542;-113.833;"spruce grove"
T7X1Y5;53.555;-113.878;"spruce grove"
T7X1Y6;53.555;-113.878;"spruce grove"
T7X1Y7;53.555;-113.877;"spruce grove"
T7X1Y8;53.555;-113.876;"spruce grove"
T7X1Y9;53.555;-113.875;"spruce grove"
T7X1Z1;53.554;-113.875;"spruce grove"
T7X1Z2;53.548;-113.89;"spruce grove"
T7X1Z3;53.553;-113.877;"spruce grove"
T7X1Z4;53.553;-113.876;"spruce grove"
T7X1Z5;53.553;-113.877;"spruce grove"
T7X1Z6;53.553;-113.877;"spruce grove"
T7X1Z7;53.553;-113.877;"spruce grove"
T7X1Z8;53.552;-113.879;"spruce grove"
T7X1Z9;53.553;-113.877;"spruce grove"
T7X2A1;53.552;-113.88;"spruce grove"
T7X2A2;53.552;-113.878;"spruce grove"
T7X2A3;53.553;-113.88;"spruce grove"
T7X2A4;53.552;-113.881;"spruce grove"
T7X2A5;53.553;-113.881;"spruce grove"
T7X2A6;53.553;-113.881;"spruce grove"
T7X2A7;53.548;-113.889;"spruce grove"
T7X2A8;53.548;-113.891;"spruce grove"
T7X2A9;53.548;-113.891;"spruce grove"
T7X2B1;53.547;-113.892;"spruce grove"
T7X2B2;53.547;-113.891;"spruce grove"
T7X2B3;53.547;-113.889;"spruce grove"
T7X2B4;53.546;-113.887;"spruce grove"
T7X2B5;53.546;-113.888;"spruce grove"
T7X2B6;53.544;-113.887;"spruce grove"
T7X2B7;53.548;-113.887;"spruce grove"
T7X2B8;53.548;-113.887;"spruce grove"
T7X2B9;53.544;-113.887;"spruce grove"
T7X2C0;53.542;-113.833;"spruce grove"
T7X2C1;53.546;-113.892;"spruce grove"
T7X2C2;53.545;-113.889;"spruce grove"
T7X2C3;53.546;-113.891;"spruce grove"
T7X2C4;53.547;-113.9;"spruce grove"
T7X2C5;53.545;-113.895;"spruce grove"
T7X2C6;53.546;-113.9;"spruce grove"
T7X2C7;53.524;-113.885;"spruce grove"
T7X2C8;53.547;-113.894;"spruce grove"
T7X2C9;53.547;-113.894;"spruce grove"
T7X2E1;53.547;-113.895;"spruce grove"
T7X2E2;53.548;-113.893;"spruce grove"
T7X2E3;53.548;-113.893;"spruce grove"
T7X2E4;53.544;-113.893;"spruce grove"
T7X2E5;53.544;-113.893;"spruce grove"
T7X2E6;53.545;-113.892;"spruce grove"
T7X2E7;53.544;-113.891;"spruce grove"
T7X2E8;53.545;-113.891;"spruce grove"
T7X2E9;53.543;-113.889;"spruce grove"
T7X2G1;53.543;-113.891;"spruce grove"
T7X2G2;53.543;-113.89;"spruce grove"
T7X2G3;53.544;-113.89;"spruce grove"
T7X2G4;53.545;-113.887;"spruce grove"
T7X2G5;53.545;-113.889;"spruce grove"
T7X2G6;53.539;-113.886;"spruce grove"
T7X2G7;53.543;-113.886;"spruce grove"
T7X2G8;53.542;-113.888;"spruce grove"
T7X2G9;53.544;-113.888;"spruce grove"
T7X2H1;53.544;-113.889;"spruce grove"
T7X2H2;53.545;-113.894;"spruce grove"
T7X2H3;53.543;-113.889;"spruce grove"
T7X2H4;53.542;-113.909;"spruce grove"
T7X2H6;53.544;-113.91;"spruce grove"
T7X2H7;53.544;-113.91;"spruce grove"
T7X2H8;53.542;-113.907;"spruce grove"
T7X2H9;53.545;-113.905;"spruce grove"
T7X2J1;53.544;-113.903;"spruce grove"
T7X2J2;53.546;-113.906;"spruce grove"
T7X2J3;53.546;-113.906;"spruce grove"
T7X2J4;53.547;-113.906;"spruce grove"
T7X2J5;53.547;-113.905;"spruce grove"
T7X2J6;53.548;-113.907;"spruce grove"
T7X2J7;53.548;-113.907;"spruce grove"
T7X2J8;53.547;-113.908;"spruce grove"
T7X2J9;53.547;-113.908;"spruce grove"
T7X2K1;53.548;-113.907;"spruce grove"
T7X2K2;53.543;-113.908;"spruce grove"
T7X2K3;53.543;-113.905;"spruce grove"
T7X2K4;53.543;-113.906;"spruce grove"
T7X2K5;53.542;-113.904;"spruce grove"
T7X2K6;53.542;-113.907;"spruce grove"
T7X2K7;53.556;-113.91;"spruce grove"
T7X2K8;53.546;-113.903;"spruce grove"
T7X2K9;53.543;-113.906;"spruce grove"
T7X2L1;53.551;-113.913;"spruce grove"
T7X2L2;53.552;-113.913;"spruce grove"
T7X2L3;53.552;-113.915;"spruce grove"
T7X2L4;53.552;-113.916;"spruce grove"
T7X2L5;53.552;-113.916;"spruce grove"
T7X2L6;53.553;-113.911;"spruce grove"
T7X2L7;53.554;-113.911;"spruce grove"
T7X2L8;53.554;-113.912;"spruce grove"
T7X2L9;53.554;-113.912;"spruce grove"
T7X2M1;53.553;-113.913;"spruce grove"
T7X2M2;53.553;-113.911;"spruce grove"
T7X2M3;53.552;-113.916;"spruce grove"
T7X2M4;53.553;-113.916;"spruce grove"
T7X2M5;53.553;-113.916;"spruce grove"
T7X2M6;53.554;-113.914;"spruce grove"
T7X2M7;53.554;-113.914;"spruce grove"
T7X2M8;53.553;-113.914;"spruce grove"
T7X2M9;53.555;-113.915;"spruce grove"
T7X2N1;53.555;-113.916;"spruce grove"
T7X2N2;53.555;-113.914;"spruce grove"
T7X2N3;53.555;-113.914;"spruce grove"
T7X2N4;53.554;-113.917;"spruce grove"
T7X2N5;53.555;-113.917;"spruce grove"
T7X2N6;53.553;-113.918;"spruce grove"
T7X2N7;53.553;-113.916;"spruce grove"
T7X2N8;53.554;-113.921;"spruce grove"
T7X2N9;53.552;-113.918;"spruce grove"
T7X2P1;53.554;-113.921;"spruce grove"
T7X2P2;53.555;-113.917;"spruce grove"
T7X2P3;53.553;-113.916;"spruce grove"
T7X2P4;53.557;-113.918;"spruce grove"
T7X2P5;53.556;-113.918;"spruce grove"
T7X2P6;53.556;-113.92;"spruce grove"
T7X2P7;53.556;-113.921;"spruce grove"
T7X2P8;53.558;-113.919;"spruce grove"
T7X2P9;53.558;-113.917;"spruce grove"
T7X2R1;53.558;-113.919;"spruce grove"
T7X2R2;53.557;-113.915;"spruce grove"
T7X2R3;53.557;-113.917;"spruce grove"
T7X2R4;53.557;-113.916;"spruce grove"
T7X2R5;53.556;-113.915;"spruce grove"
T7X2R6;53.556;-113.914;"spruce grove"
T7X2R7;53.556;-113.916;"spruce grove"
T7X2R8;53.557;-113.911;"spruce grove"
T7X2R9;53.556;-113.913;"spruce grove"
T7X2S1;53.556;-113.913;"spruce grove"
T7X2S2;53.558;-113.916;"spruce grove"
T7X2S3;53.558;-113.916;"spruce grove"
T7X2S4;53.558;-113.917;"spruce grove"
T7X2S5;53.558;-113.914;"spruce grove"
T7X2S6;53.558;-113.915;"spruce grove"
T7X2S7;53.557;-113.913;"spruce grove"
T7X2S8;53.547;-113.91;"spruce grove"
T7X2S9;53.551;-113.91;"spruce grove"
T7X2T1;53.549;-113.91;"spruce grove"
T7X2T2;53.554;-113.921;"spruce grove"
T7X2T3;53.555;-113.92;"spruce grove"
T7X2T4;53.569;-113.77;"spruce grove"
T7X2T5;53.55;-113.889;"spruce grove"
T7X2T6;53.544;-113.902;"spruce grove"
T7X2T7;53.558;-113.91;"spruce grove"
T7X2T8;53.544;-113.902;"spruce grove"
T7X2T9;53.544;-113.902;"spruce grove"
T7X2V1;53.544;-113.902;"spruce grove"
T7X2V2;53.546;-113.906;"spruce grove"
T7X2V3;53.544;-113.902;"spruce grove"
T7X2V4;53.544;-113.902;"spruce grove"
T7X2V5;53.511;-113.91;"parkland"
T7X2V6;53.56;-113.896;"spruce grove"
T7X2V7;53.561;-113.896;"spruce grove"
T7X2V8;53.56;-113.893;"spruce grove"
T7X2V9;53.534;-113.897;"spruce grove"
T7X2W1;53.559;-113.896;"spruce grove"
T7X2W2;53.534;-113.897;"spruce grove"
T7X2W3;53.534;-113.897;"spruce grove"
T7X2W4;53.534;-113.897;"spruce grove"
T7X2W5;53.534;-113.897;"spruce grove"
T7X2W6;53.534;-113.897;"spruce grove"
T7X2W7;53.534;-113.897;"spruce grove"
T7X2W8;53.534;-113.897;"spruce grove"
T7X2W9;53.534;-113.897;"spruce grove"
T7X2X1;53.542;-113.9;"spruce grove"
T7X2X2;53.55;-113.879;"spruce grove"
T7X2X3;53.534;-113.897;"spruce grove"
T7X2X4;53.534;-113.897;"spruce grove"
T7X2X5;53.534;-113.897;"spruce grove"
T7X2X6;53.534;-113.897;"spruce grove"
T7X2X7;53.534;-113.897;"spruce grove"
T7X2X8;53.534;-113.897;"spruce grove"
T7X2X9;53.534;-113.897;"spruce grove"
T7X2Y1;53.544;-113.902;"spruce grove"
T7X2Y2;53.544;-113.902;"spruce grove"
T7X2Y3;53.544;-113.902;"spruce grove"
T7X2Y4;53.544;-113.902;"spruce grove"
T7X2Y5;53.543;-113.896;"spruce grove"
T7X2Y6;53.544;-113.902;"spruce grove"
T7X2Y7;53.559;-113.917;"spruce grove"
T7X2Y8;53.544;-113.902;"spruce grove"
T7X2Y9;53.56;-113.92;"spruce grove"
T7X2Z1;53.545;-113.9;"spruce grove"
T7X2Z2;53.562;-113.907;"spruce grove"
T7X2Z3;53.56;-113.907;"spruce grove"
T7X2Z4;53.561;-113.907;"spruce grove"
T7X2Z5;53.544;-113.902;"spruce grove"
T7X2Z6;53.542;-113.911;"spruce grove"
T7X2Z7;53.542;-113.905;"spruce grove"
T7X2Z8;53.543;-113.909;"spruce grove"
T7X2Z9;53.542;-113.911;"spruce grove"
T7X3A1;53.561;-113.924;"spruce grove"
T7X3A2;53.544;-113.898;"spruce grove"
T7X3A3;53.543;-113.897;"spruce grove"
T7X3A4;53.539;-113.915;"spruce grove"
T7X3A5;53.538;-113.889;"spruce grove"
T7X3A6;53.54;-113.912;"spruce grove"
T7X3A7;53.532;-113.905;"spruce grove"
T7X3A8;53.541;-113.904;"spruce grove"
T7X3A9;53.547;-113.894;"spruce grove"
T7X3B1;53.537;-113.919;"spruce grove"
T7X3B2;53.545;-113.942;"spruce grove"
T7X3B3;53.535;-113.909;"spruce grove"
T7X3B4;53.54;-113.92;"spruce grove"
T7X3B5;53.539;-113.891;"spruce grove"
T7X3B6;53.547;-113.9;"spruce grove"
T7X3B7;53.545;-113.894;"spruce grove"
T7X3B8;53.545;-113.894;"spruce grove"
T7X3B9;53.561;-113.907;"spruce grove"
T7X3C1;53.562;-113.906;"spruce grove"
T7X3C2;53.563;-113.906;"spruce grove"
T7X3C3;53.563;-113.907;"spruce grove"
T7X3C4;53.566;-113.904;"spruce grove"
T7X3C5;53.565;-113.907;"spruce grove"
T7X3C6;53.566;-113.896;"spruce grove"
T7X3C7;53.543;-113.915;"spruce grove"
T7X3C8;53.544;-113.927;"spruce grove"
T7X3C9;53.561;-113.901;"spruce grove"
T7X3E1;53.559;-113.9;"spruce grove"
T7X3E2;53.559;-113.901;"spruce grove"
T7X3E3;53.559;-113.904;"spruce grove"
T7X3E4;53.557;-113.903;"spruce grove"
T7X3E5;53.557;-113.901;"spruce grove"
T7X3E6;53.556;-113.902;"spruce grove"
T7X3E7;53.561;-113.907;"spruce grove"
T7X3E8;53.545;-113.903;"spruce grove"
T7X3E9;53.543;-113.905;"spruce grove"
T7X3G1;53.558;-113.75;"spruce grove"
T7X3G2;53.575;-113.787;"spruce grove"
T7X3G3;53.563;-113.787;"spruce grove"
T7X3G4;53.557;-113.763;"spruce grove"
T7X3G5;53.562;-113.787;"spruce grove"
T7X3G6;53.542;-113.811;"spruce grove"
T7X3G7;53.554;-113.763;"spruce grove"
T7X3G8;53.55;-113.879;"spruce grove"
T7X3G9;53.551;-113.878;"spruce grove"
T7X3H1;53.527;-113.755;"spruce grove"
T7X3H2;53.518;-113.797;"spruce grove"
T7X3H3;53.553;-113.875;"spruce grove"
T7X3H4;53.538;-113.811;"parkland"
T7X3H5;53.562;-113.795;"spruce grove"
T7X3H6;53.553;-113.875;"spruce grove"
T7X3H7;53.56;-113.927;"spruce grove"
T7X3H8;53.558;-113.931;"spruce grove"
T7X3H9;53.559;-113.932;"spruce grove"
T7X3J1;53.558;-113.933;"spruce grove"
T7X3J2;53.56;-113.913;"spruce grove"
T7X3J3;53.56;-113.913;"spruce grove"
T7X3J4;53.56;-113.915;"spruce grove"
T7X3J5;53.547;-113.917;"spruce grove"
T7X3J6;53.561;-113.929;"spruce grove"
T7X3J7;53.56;-113.927;"spruce grove"
T7X3J8;53.544;-113.904;"spruce grove"
T7X3J9;53.56;-113.911;"spruce grove"
T7X3K1;53.562;-113.914;"spruce grove"
T7X3K2;53.561;-113.925;"spruce grove"
T7X3K3;53.564;-113.899;"spruce grove"
T7X3K4;53.56;-113.93;"spruce grove"
T7X3K5;53.544;-113.91;"spruce grove"
T7X3K6;53.545;-113.913;"spruce grove"
T7X3K7;53.543;-113.91;"spruce grove"
T7X3K8;53.544;-113.91;"spruce grove"
T7X3K9;53.545;-113.91;"spruce grove"
T7X3L1;53.545;-113.913;"spruce grove"
T7X3L2;53.543;-113.91;"spruce grove"
T7X3L3;53.585;-113.812;"spruce grove"
T7X3L4;53.55;-113.833;"spruce grove"
T7X3L5;53.528;-113.828;"spruce grove"
T7X3L6;53.602;-113.812;"spruce grove"
T7X3L7;53.512;-113.824;"spruce grove"
T7X3L8;53.571;-113.861;"spruce grove"
T7X3L9;53.577;-113.836;"spruce grove"
T7X3M1;53.547;-113.85;"spruce grove"
T7X3M2;53.54;-113.836;"spruce grove"
T7X3M3;53.475;-113.853;"spruce grove"
T7X3M4;53.454;-113.861;"spruce grove"
T7X3M5;53.519;-113.885;"spruce grove"
T7X3M6;53.551;-113.866;"spruce grove"
T7X3M7;53.563;-113.861;"spruce grove"
T7X3M8;53.541;-113.864;"spruce grove"
T7X3M9;53.494;-113.873;"spruce grove"
T7X3N1;53.473;-113.873;"spruce grove"
T7X3N2;53.573;-113.889;"spruce grove"
T7X3N3;53.577;-113.862;"spruce grove"
T7X3N4;53.58;-113.885;"spruce grove"
T7X3N5;53.58;-113.887;"spruce grove"
T7X3N6;53.58;-113.887;"spruce grove"
T7X3N7;53.58;-113.887;"spruce grove"
T7X3N8;53.584;-113.891;"spruce grove"
T7X3N9;53.58;-113.888;"spruce grove"
T7X3P1;53.58;-113.887;"spruce grove"
T7X3P2;53.58;-113.886;"spruce grove"
T7X3P3;53.58;-113.887;"spruce grove"
T7X3P4;53.58;-113.887;"spruce grove"
T7X3P5;53.58;-113.886;"spruce grove"
T7X3P6;53.58;-113.887;"spruce grove"
T7X3P7;53.584;-113.891;"spruce grove"
T7X3P8;53.584;-113.891;"spruce grove"
T7X3P9;53.584;-113.891;"spruce grove"
T7X3R1;53.584;-113.891;"spruce grove"
T7X3R2;53.58;-113.888;"spruce grove"
T7X3R3;53.58;-113.888;"spruce grove"
T7X3R4;53.58;-113.888;"spruce grove"
T7X3R5;53.58;-113.885;"spruce grove"
T7X3R6;53.498;-113.885;"spruce grove"
T7X3R7;53.47;-113.898;"spruce grove"
T7X3R8;53.637;-113.928;"parkland"
T7X3R9;53.629;-113.925;"spruce grove"
T7X3S1;53.573;-113.92;"spruce grove"
T7X3S2;53.492;-113.942;"spruce grove"
T7X3S3;53.483;-113.916;"spruce grove"
T7X3S4;53.651;-113.934;"parkland"
T7X3S5;53.637;-113.959;"spruce grove"
T7X3S6;53.637;-113.959;"spruce grove"
T7X3S7;53.629;-113.955;"spruce grove"
T7X3S8;53.631;-113.934;"spruce grove"
T7X3S9;53.642;-113.934;"spruce grove"
T7X3T1;53.532;-113.831;"spruce grove"
T7X3T2;53.576;-113.945;"spruce grove"
T7X3T3;53.571;-113.934;"spruce grove"
T7X3T4;53.541;-113.879;"spruce grove"
T7X3T5;53.594;-113.934;"spruce grove"
T7X3T6;53.491;-113.942;"spruce grove"
T7X3T7;53.5;-113.934;"spruce grove"
T7X3T8;53.517;-113.933;"spruce grove"
T7X3T9;53.486;-113.959;"spruce grove"
T7X3U4;53.542;-113.833;"spruce grove"
T7X3V1;53.488;-113.959;"spruce grove"
T7X3V2;53.501;-113.934;"spruce grove"
T7X3V3;53.649;-113.978;"parkland"
T7X3V4;53.633;-113.968;"stony plain"
T7X3V5;53.601;-114.002;"stony plain"
T7X3V6;53.618;-113.976;"spruce grove"
T7X3V7;53.589;-113.983;"spruce grove"
T7X3V8;53.598;-113.959;"spruce grove"
T7X3V9;53.578;-113.959;"parkland"
T7X3W1;53.542;-113.882;"spruce grove"
T7X3W2;53.53;-113.971;"stony plain"
T7X3W3;53.51;-114.014;"stony plain"
T7X3W4;53.53;-113.971;"stony plain"
T7X3W5;53.542;-113.882;"spruce grove"
T7X3W6;53.55;-113.881;"spruce grove"
T7X3W7;53.549;-113.879;"spruce grove"
T7X3W8;53.55;-113.878;"spruce grove"
T7X3W9;53.543;-113.908;"spruce grove"
T7X3X0;53.542;-113.882;"spruce grove"
T7X3X1;53.543;-113.908;"spruce grove"
T7X3X2;53.541;-113.907;"spruce grove"
T7X3X3;53.542;-113.924;"spruce grove"
T7X3X4;53.557;-113.929;"spruce grove"
T7X3X5;53.558;-113.926;"spruce grove"
T7X3X6;53.58;-113.886;"spruce grove"
T7X3X7;53.559;-113.885;"spruce grove"
T7X3X8;53.481;-113.943;"spruce grove"
T7X3X9;53.546;-113.903;"spruce grove"
T7X3Y1;53.543;-113.923;"spruce grove"
T7X3Y2;53.56;-113.919;"spruce grove"
T7X3Y3;53.557;-113.859;"spruce grove"
T7X3Y4;53.545;-113.882;"spruce grove"
T7X3Y5;53.565;-113.905;"spruce grove"
T7X3Y6;53.565;-113.905;"spruce grove"
T7X3Y7;53.56;-113.918;"spruce grove"
T7X3Y8;53.545;-113.9;"spruce grove"
T7X3Y9;53.537;-113.935;"spruce grove"
T7X3Z1;53.541;-113.935;"spruce grove"
T7X3Z2;53.542;-113.935;"spruce grove"
T7X3Z3;53.544;-113.935;"spruce grove"
T7X3Z4;53.557;-113.935;"spruce grove"
T7X3Z5;53.56;-113.935;"spruce grove"
T7X3Z6;53.567;-113.935;"spruce grove"
T7X3Z7;53.546;-113.882;"spruce grove"
T7X3Z8;53.547;-113.88;"spruce grove"
T7X3Z9;53.546;-113.883;"spruce grove"
T7X4A1;53.556;-113.911;"spruce grove"
T7X4A2;53.56;-113.919;"spruce grove"
T7X4A3;53.557;-113.927;"spruce grove"
T7X4A4;53.546;-113.881;"spruce grove"
T7X4A5;53.546;-113.879;"spruce grove"
T7X4A6;53.568;-113.903;"spruce grove"
T7X4A7;53.545;-113.881;"spruce grove"
T7X4A8;53.559;-113.895;"spruce grove"
T7X4A9;53.553;-113.94;"spruce grove"
T7X4B1;53.56;-113.93;"spruce grove"
T7X4B2;53.557;-113.896;"spruce grove"
T7X4B3;53.56;-113.916;"spruce grove"
T7X4B4;53.549;-113.883;"spruce grove"
T7X4B5;53.548;-113.88;"spruce grove"
T7X4B6;53.565;-113.899;"spruce grove"
T7X4B7;53.543;-113.908;"spruce grove"
T7X4B8;53.545;-113.932;"spruce grove"
T7X4B9;53.537;-113.916;"spruce grove"
T7X4C1;53.539;-113.91;"spruce grove"
T7X4C2;53.529;-113.897;"spruce grove"
T7X4C3;53.535;-113.91;"spruce grove"
T7X4C4;53.538;-113.906;"spruce grove"
T7X4C5;53.538;-113.906;"spruce grove"
T7X4C6;53.536;-113.919;"spruce grove"
T7X4C7;53.538;-113.906;"spruce grove"
T7X4C8;53.538;-113.906;"spruce grove"
T7X4C9;53.54;-113.907;"spruce grove"
T7X4E1;53.54;-113.907;"spruce grove"
T7X4E2;53.54;-113.907;"spruce grove"
T7X4E3;53.53;-113.922;"spruce grove"
T7X4E4;53.53;-113.922;"spruce grove"
T7X4E5;53.538;-113.91;"spruce grove"
T7X4E6;53.54;-113.907;"spruce grove"
T7X4E7;53.541;-113.919;"spruce grove"
T7X4E8;53.529;-113.897;"spruce grove"
T7X4E9;53.54;-113.907;"spruce grove"
T7X4G1;53.539;-113.903;"spruce grove"
T7X4G2;53.539;-113.886;"spruce grove"
T7X4G3;53.54;-113.907;"spruce grove"
T7X4G4;53.54;-113.925;"spruce grove"
T7X4G5;53.54;-113.922;"spruce grove"
T7X4G6;53.539;-113.89;"spruce grove"
T7X4G7;53.539;-113.89;"spruce grove"
T7X4G8;53.54;-113.907;"spruce grove"
T7X4G9;51.143;-114.23;"spruce grove"
T7X4H1;53.558;-113.913;"spruce grove"
T7X4H2;53.542;-113.906;"spruce grove"
T7X4H3;53.558;-113.891;"spruce grove"
T7X4H4;53.54;-113.935;"spruce grove"
T7X4H5;53.56;-113.914;"spruce grove"
T7X4H6;53.549;-113.879;"spruce grove"
T7X4H7;53.567;-113.902;"spruce grove"
T7X4H8;53.561;-113.927;"spruce grove"
T7X4H9;53.557;-113.928;"spruce grove"
T7X4J1;53.557;-113.927;"spruce grove"
T7X4J2;53.56;-113.931;"spruce grove"
T7X4J3;53.538;-113.934;"spruce grove"
T7X4J4;53.558;-113.929;"spruce grove"
T7X4J5;53.551;-113.935;"spruce grove"
T7X4J6;53.58;-113.886;"spruce grove"
T7X4J7;53.543;-113.903;"spruce grove"
T7X4J8;53.555;-113.897;"spruce grove"
T7X4J9;53.556;-113.897;"spruce grove"
T7X4K1;53.557;-113.896;"spruce grove"
T7X4K2;53.56;-113.893;"spruce grove"
T7X4K3;53.547;-113.878;"spruce grove"
T7X4K4;53.584;-113.891;"spruce grove"
T7X4K5;53.559;-113.895;"spruce grove"
T7X4K6;53.56;-113.938;"spruce grove"
T7X4K7;53.561;-113.938;"spruce grove"
T7X4K8;53.564;-113.936;"spruce grove"
T7X4K9;53.564;-113.939;"spruce grove"
T7X4L1;53.549;-113.883;"spruce grove"
T7X4L2;53.557;-113.931;"spruce grove"
T7X4L3;53.557;-113.932;"spruce grove"
T7X4L4;53.557;-113.933;"spruce grove"
T7X4L5;53.568;-113.903;"spruce grove"
T7X4L6;53.569;-113.902;"spruce grove"
T7X4L7;53.565;-113.904;"spruce grove"
T7X4L8;53.594;-113.927;"spruce grove"
T7X4L9;53.551;-113.883;"spruce grove"
T7X4M1;53.57;-113.937;"spruce grove"
T7X4M2;53.56;-113.933;"spruce grove"
T7X4M3;53.584;-113.891;"spruce grove"
T7X4M4;53.584;-113.891;"spruce grove"
T7X4M5;53.554;-113.936;"spruce grove"
T7X4M6;53.558;-113.884;"spruce grove"
T7X4M7;53.559;-113.884;"spruce grove"
T7X4M8;53.554;-113.937;"spruce grove"
T7X4M9;53.551;-113.941;"spruce grove"
T7X4N1;53.547;-113.937;"spruce grove"
T7X4N2;53.547;-113.937;"spruce grove"
T7X4N3;53.554;-113.938;"spruce grove"
T7X4N4;53.553;-113.937;"spruce grove"
T7X4N5;53.553;-113.937;"spruce grove"
T7X4N6;53.561;-113.928;"spruce grove"
T7X4N7;53.563;-113.923;"spruce grove"
T7X4N8;53.551;-113.874;"spruce grove"
T7X4N9;53.56;-113.919;"spruce grove"
T7X4P1;53.546;-113.876;"spruce grove"
T7X4P2;53.546;-113.875;"spruce grove"
T7X4P3;53.568;-113.903;"spruce grove"
T7X4P4;53.547;-113.907;"spruce grove"
T7X4P5;53.555;-113.879;"spruce grove"
T7X4P6;53.561;-113.884;"spruce grove"
T7X4P7;53.56;-113.888;"spruce grove"
T7X4P8;53.542;-113.934;"spruce grove"
T7X4P9;53.541;-113.924;"spruce grove"
T7X4R1;53.554;-113.938;"spruce grove"
T7X4R2;53.547;-113.937;"spruce grove"
T7X4R3;53.547;-113.937;"spruce grove"
T7X4R4;53.562;-113.913;"spruce grove"
T7X4R5;53.566;-113.913;"spruce grove"
T7X4R6;53.566;-113.898;"spruce grove"
T7X4R7;53.565;-113.9;"spruce grove"
T7X4R8;53.561;-113.882;"spruce grove"
T7X4R9;53.558;-113.884;"spruce grove"
T7X4S1;53.547;-113.875;"spruce grove"
T7X4S2;53.546;-113.876;"spruce grove"
T7X4S3;53.554;-113.937;"spruce grove"
T7X4S5;53.561;-113.938;"spruce grove"
T7X4T4;53.558;-113.929;"spruce grove"
T7X4W1;53.542;-113.833;"spruce grove"
T7X4W9;53.561;-113.919;"spruce grove"
T7X4X6;53.542;-113.833;"spruce grove"
T7X4X8;53.542;-113.833;"spruce grove"
T7X5A1;53.558;-113.738;"edmonton"
T7X5A2;53.545;-113.742;"parkland"
T7X5A3;53.567;-113.787;"acheson"
T7X5A4;53.56;-113.76;"acheson"
T7X5A5;53.556;-113.799;"acheson"
T7X5A6;53.557;-113.787;"acheson"
T7X5A7;53.549;-113.763;"acheson"
T7X5A8;53.543;-113.811;"acheson"
T7X5A9;53.567;-113.717;"edmonton"
T7X5B1;53.539;-113.811;"acheson"
T7X5B2;53.521;-113.795;"acheson"
T7X7N9;53.56;-113.919;"spruce grove"
T7Y1A1;53.57;-113.935;"spruce grove"
T7Y1A2;53.425;-113.714;"spruce grove"
T7Y1A3;53.573;-113.789;"parkland"
T7Y1A4;53.57;-113.937;"spruce grove"
T7Y1A5;53.512;-114.075;"stony plain"
T7Y1A6;53.541;-113.714;"spruce grove"
T7Y1A7;53.425;-113.714;"spruce grove"
T7Y1A8;53.381;-113.861;"spruce grove"
T7Y1A9;53.424;-113.714;"edmonton"
T7Y1B0;53.464;-113.803;"spruce grove"
T7Y1B1;53.399;-113.935;"spruce grove"
T7Y1B2;53.402;-113.74;"spruce grove"
T7Y1B3;53.441;-113.738;"spruce grove"
T7Y1B4;53.429;-113.717;"spruce grove"
T7Y1B5;53.425;-113.722;"spruce grove"
T7Y1B6;53.381;-113.861;"spruce grove"
T7Y1B7;53.389;-113.738;"spruce grove"
T7Y1B8;53.425;-113.714;"spruce grove"
T7Y1B9;53.381;-113.861;"spruce grove"
T7Y1C1;53.441;-113.738;"spruce grove"
T7Y1C2;53.445;-113.738;"spruce grove"
T7Y1C3;53.429;-113.759;"spruce grove"
T7Y1C4;53.425;-113.758;"spruce grove"
T7Y1C5;53.4;-113.763;"spruce grove"
T7Y1C6;53.376;-113.763;"spruce grove"
T7Y1C7;53.444;-113.787;"spruce grove"
T7Y1C8;53.426;-113.78;"spruce grove"
T7Y1C9;53.418;-113.745;"spruce grove"
T7Y1D8;53.462;-113.803;"spruce grove"
T7Y1E1;53.389;-113.777;"devon"
T7Y1E2;53.374;-113.775;"devon"
T7Y1E3;53.442;-113.841;"spruce grove"
T7Y1E4;53.426;-113.788;"spruce grove"
T7Y1E5;53.425;-113.786;"spruce grove"
T7Y1E6;53.425;-113.809;"spruce grove"
T7Y1E7;53.41;-113.787;"spruce grove"
T7Y1E8;53.389;-113.789;"spruce grove"
T7Y1E9;53.425;-113.822;"spruce grove"
T7Y1G1;53.425;-113.831;"spruce grove"
T7Y1G2;53.423;-113.836;"spruce grove"
T7Y1G3;53.399;-113.935;"spruce grove"
T7Y1G4;53.709;-113.841;"spruce grove"
T7Y1G5;53.433;-113.853;"spruce grove"
T7Y1G6;53.457;-113.849;"spruce grove"
T7Y1G7;53.407;-113.842;"spruce grove"
T7Y1G8;53.379;-113.846;"spruce grove"
T7Y1G9;53.435;-113.867;"spruce grove"
T7Y1H1;53.415;-113.872;"spruce grove"
T7Y1H2;53.389;-113.886;"spruce grove"
T7Y1H3;53.439;-113.898;"spruce grove"
T7Y1H4;53.411;-113.897;"spruce grove"
T7Y1H5;53.383;-113.888;"spruce grove"
T7Y1H6;53.594;-113.91;"parkland"
T7Y1H7;53.437;-113.924;"spruce grove"
T7Y1H8;53.415;-113.913;"spruce grove"
T7Y1H9;53.396;-113.91;"spruce grove"
T7Y1J1;53.384;-113.959;"stony plain"
T7Y1J2;53.384;-113.959;"stony plain"
T7Y1J3;53.384;-113.959;"stony plain"
T7Y1J4;53.412;-113.992;"stony plain"
T7Y1J5;53.412;-113.992;"stony plain"
T7Y1J6;53.412;-113.992;"stony plain"
T7Y1J7;53.412;-113.992;"stony plain"
T7Y1J8;53.412;-113.992;"stony plain"
T7Y1R3;53.4;-113.902;"stony plain"
T7Y1S2;53.427;-113.775;"spruce grove"
T7Y1Y3;53.521;-114.075;"parkland"
T7Y1Y6;53.571;-114;"stony plain"
T7Y2Y7;53.4;-113.902;"stony plain"
T7Y3A2;53.427;-113.775;"spruce grove"
T7Y4R1;53.554;-113.937;"spruce grove"
T7Y4S1;53.547;-113.875;"spruce grove"
T7Z0A1;53.534;-113.968;"stony plain"
T7Z0A2;53.529;-113.997;"stony plain"
T7Z0A3;53.537;-113.962;"stony plain"
T7Z0A4;53.518;-113.998;"stony plain"
T7Z0A5;53.52;-114.004;"spring lake"
T7Z0A6;53.534;-113.962;"stony plain"
T7Z0A7;53.52;-114.015;"stony plain"
T7Z0A8;53.539;-113.976;"stony plain"
T7Z0A9;53.531;-114.003;"stony plain"
T7Z0B1;53.548;-113.998;"stony plain"
T7Z0B2;53.506;-113.991;"stony plain"
T7Z0B3;53.507;-113.995;"stony plain"
T7Z0B4;53.538;-113.996;"stony plain"
T7Z0B5;53.539;-113.997;"stony plain"
T7Z0B6;53.538;-113.996;"stony plain"
T7Z0B7;53.539;-113.997;"stony plain"
T7Z0B8;53.538;-113.998;"stony plain"
T7Z0B9;53.539;-113.997;"stony plain"
T7Z0C1;53.527;-114.007;"stony plain"
T7Z0C2;53.566;-114.038;"stony plain"
T7Z0C3;53.456;-113.983;"spring lake"
T7Z0C4;53.539;-113.976;"stony plain"
T7Z0C5;53.53;-114.005;"stony plain"
T7Z0C6;53.531;-114;"stony plain"
T7Z0C7;53.512;-113.984;"stony plain"
T7Z0C8;53.566;-114.038;"stony plain"
T7Z0C9;53.52;-114.004;"stony plain"
T7Z0E1;53.566;-114.038;"stony plain"
T7Z0E2;53.52;-114.004;"stony plain"
T7Z0E3;53.566;-114.038;"stony plain"
T7Z0E4;53.513;-114.001;"stony plain"
T7Z0E5;53.566;-114.038;"stony plain"
T7Z0E6;53.566;-114.038;""
T7Z0E7;53.546;-113.994;"stony plain"
T7Z0E8;53.537;-113.968;"stony plain"
T7Z0E9;53.508;-114.004;"stony plain"
T7Z0G1;53.535;-113.959;"stony plain"
T7Z0G2;53.566;-114.038;"stony plain"
T7Z0G3;53.507;-114.006;"stony plain"
T7Z0G7;53.512;-113.999;"stony plain"
T7Z0G8;53.524;-114.136;"spring lake"
T7Z0G9;53.528;-113.968;"stony plain"
T7Z0H2;53.506;-113.995;"stony plain"
T7Z0H5;53.556;-113.938;"spruce grove"
T7Z0L6;53.531;-114;"stony plain"
T7Z1A0;53.528;-114.002;"stony plain"
T7Z1A1;53.52;-114.014;"stony plain"
T7Z1A2;53.52;-114.012;"stony plain"
T7Z1A3;53.52;-114.011;"stony plain"
T7Z1A4;53.521;-114.01;"stony plain"
T7Z1A5;53.521;-114.01;"stony plain"
T7Z1A6;53.52;-114.007;"stony plain"
T7Z1A7;53.521;-114.006;"stony plain"
T7Z1A8;53.52;-114.006;"stony plain"
T7Z1A9;53.521;-114.004;"stony plain"
T7Z1B1;53.522;-114.008;"stony plain"
T7Z1B2;53.522;-114.006;"stony plain"
T7Z1B3;53.524;-114.005;"stony plain"
T7Z1B4;53.526;-114.002;"stony plain"
T7Z1B5;53.524;-114.006;"stony plain"
T7Z1B6;53.526;-114.005;"stony plain"
T7Z1B7;53.526;-114.007;"stony plain"
T7Z1B8;53.525;-114.011;"stony plain"
T7Z1B9;53.527;-114.011;"stony plain"
T7Z1C1;53.527;-114.013;"stony plain"
T7Z1C2;53.528;-114.011;"stony plain"
T7Z1C3;53.529;-114.01;"stony plain"
T7Z1C4;53.529;-114.003;"stony plain"
T7Z1C5;53.527;-114.004;"stony plain"
T7Z1C6;53.522;-114.002;"stony plain"
T7Z1C7;53.521;-113.998;"stony plain"
T7Z1C8;53.523;-113.997;"stony plain"
T7Z1C9;53.524;-113.995;"stony plain"
T7Z1E1;53.523;-113.999;"stony plain"
T7Z1E2;53.523;-114;"stony plain"
T7Z1E3;53.526;-114.002;"stony plain"
T7Z1E4;53.525;-114;"stony plain"
T7Z1E5;53.525;-113.998;"stony plain"
T7Z1E6;53.528;-114;"stony plain"
T7Z1E7;53.528;-113.998;"stony plain"
T7Z1E8;53.529;-113.997;"stony plain"
T7Z1E9;53.528;-113.995;"stony plain"
T7Z1G1;53.53;-113.992;"stony plain"
T7Z1G2;53.529;-113.989;"stony plain"
T7Z1G3;53.529;-113.99;"stony plain"
T7Z1G4;53.527;-113.993;"stony plain"
T7Z1G5;53.527;-113.99;"stony plain"
T7Z1G6;53.528;-113.988;"stony plain"
T7Z1G7;53.53;-113.984;"stony plain"
T7Z1G8;53.529;-113.985;"stony plain"
T7Z1G9;53.529;-113.985;"stony plain"
T7Z1H1;53.526;-113.991;"stony plain"
T7Z1H2;53.525;-113.989;"stony plain"
T7Z1H3;53.525;-113.988;"stony plain"
T7Z1H4;53.524;-113.986;"stony plain"
T7Z1H5;53.524;-113.99;"stony plain"
T7Z1H6;53.524;-113.995;"stony plain"
T7Z1H7;53.524;-113.992;"stony plain"
T7Z1H8;53.525;-113.993;"stony plain"
T7Z1H9;53.536;-113.999;"stony plain"
T7Z1J1;53.534;-113.997;"stony plain"
T7Z1J2;53.535;-113.996;"stony plain"
T7Z1J3;53.535;-113.994;"stony plain"
T7Z1J4;53.536;-113.994;"stony plain"
T7Z1J5;53.536;-113.998;"stony plain"
T7Z1J6;53.539;-113.995;"stony plain"
T7Z1J7;53.54;-113.994;"stony plain"
T7Z1J8;53.539;-113.991;"stony plain"
T7Z1J9;53.538;-113.993;"stony plain"
T7Z1K1;53.535;-113.989;"stony plain"
T7Z1K2;53.535;-113.986;"stony plain"
T7Z1K3;53.538;-113.987;"stony plain"
T7Z1K4;53.535;-113.986;"stony plain"
T7Z1K5;53.537;-113.985;"stony plain"
T7Z1K6;53.54;-113.986;"stony plain"
T7Z1K7;53.539;-113.988;"stony plain"
T7Z1K8;53.539;-113.986;"stony plain"
T7Z1K9;53.538;-113.988;"stony plain"
T7Z1L1;53.54;-113.978;"stony plain"
T7Z1L2;53.538;-114.03;"stony plain"
T7Z1L3;53.539;-113.982;"stony plain"
T7Z1L4;53.535;-114.002;"stony plain"
T7Z1L5;53.536;-114.008;"stony plain"
T7Z1L6;53.532;-114.008;"stony plain"
T7Z1L7;53.532;-114.004;"stony plain"
T7Z1L8;53.53;-114.002;"stony plain"
T7Z1L9;53.514;-113.989;"stony plain"
T7Z1M1;53.513;-113.99;"stony plain"
T7Z1M2;53.515;-113.989;"stony plain"
T7Z1M3;53.527;-113.975;"stony plain"
T7Z1M4;53.527;-113.979;"stony plain"
T7Z1M5;53.538;-113.993;"stony plain"
T7Z1M6;53.537;-113.993;"stony plain"
T7Z1M7;53.537;-113.993;"stony plain"
T7Z1M8;53.536;-113.996;"stony plain"
T7Z1M9;53.536;-113.99;"stony plain"
T7Z1N1;53.536;-113.99;"stony plain"
T7Z1N2;53.538;-113.982;"stony plain"
T7Z1N3;53.532;-114.001;"stony plain"
T7Z1N4;53.536;-114.001;"stony plain"
T7Z1N5;53.536;-113.998;"stony plain"
T7Z1N6;53.527;-114;"stony plain"
T7Z1N7;53.528;-113.997;"stony plain"
T7Z1N8;53.528;-113.997;"stony plain"
T7Z1N9;53.528;-113.997;"stony plain"
T7Z1P1;53.888;-113.579;"stony plain"
T7Z1P2;53.53;-113.996;"stony plain"
T7Z1P3;53.53;-113.995;"stony plain"
T7Z1P4;53.533;-114.008;"stony plain"
T7Z1P5;53.527;-114.007;"stony plain"
T7Z1P6;53.528;-114.007;"stony plain"
T7Z1P7;53.529;-114.002;"stony plain"
T7Z1P8;53.522;-114.006;"stony plain"
T7Z1P9;53.524;-114.002;"stony plain"
T7Z1R1;53.559;-114.002;"stony plain"
T7Z1R2;53.538;-113.993;"stony plain"
T7Z1R3;53.525;-114.01;"stony plain"
T7Z1R4;53.525;-114.01;"stony plain"
T7Z1R5;53.528;-113.995;"stony plain"
T7Z1R6;53.516;-113.988;"stony plain"
T7Z1R7;53.521;-114.002;"stony plain"
T7Z1R8;53.527;-114.01;"stony plain"
T7Z1R9;53.546;-114.002;"stony plain"
T7Z1S1;53.546;-114.002;"stony plain"
T7Z1S2;53.533;-114.002;"stony plain"
T7Z1S3;53.532;-114.005;"stony plain"
T7Z1S4;53.529;-114.006;"stony plain"
T7Z1S5;53.57;-113.987;"stony plain"
T7Z1S6;53.532;-114.006;"stony plain"
T7Z1S7;53.53;-114.002;"stony plain"
T7Z1S8;53.53;-114.004;"stony plain"
T7Z1S9;53.53;-114.005;"stony plain"
T7Z1T1;53.53;-114.005;"stony plain"
T7Z1T2;53.53;-114.008;"stony plain"
T7Z1T3;53.53;-114.006;"stony plain"
T7Z1T4;53.529;-114.01;"stony plain"
T7Z1T5;53.529;-114.008;"stony plain"
T7Z1T6;53.528;-114.007;"stony plain"
T7Z1T7;53.527;-114.007;"stony plain"
T7Z1T8;53.524;-114.007;"stony plain"
T7Z1T9;53.529;-114.005;"stony plain"
T7Z1V1;53.529;-114.005;"stony plain"
T7Z1V2;53.528;-114.006;"stony plain"
T7Z1V3;53.527;-114.004;"stony plain"
T7Z1V4;53.527;-114.007;"stony plain"
T7Z1V5;53.536;-114.004;"stony plain"
T7Z1V6;53.544;-113.984;"stony plain"
T7Z1V7;53.545;-113.987;"stony plain"
T7Z1V8;53.543;-113.99;"stony plain"
T7Z1V9;53.529;-114.003;"stony plain"
T7Z1W1;53.561;-114.078;"stony plain"
T7Z1W2;53.546;-114.002;"stony plain"
T7Z1W3;53.527;-114.007;"stony plain"
T7Z1W4;53.53;-113.984;"stony plain"
T7Z1W5;53.528;-114.01;"stony plain"
T7Z1W6;53.53;-114.006;"stony plain"
T7Z1W7;53.527;-114.013;"stony plain"
T7Z1W8;53.536;-113.985;"stony plain"
T7Z1W9;53.536;-113.998;"stony plain"
T7Z1X1;53.426;-114.059;"stony plain"
T7Z1X2;53.564;-114.067;"stony plain"
T7Z1X3;53.614;-114.033;"stony plain"
T7Z1X4;53.531;-114.118;"stony plain"
T7Z1X5;53.425;-114.149;"stony plain"
T7Z1X6;53.517;-113.988;"stony plain"
T7Z1X7;53.512;-114.036;"stony plain"
T7Z1X8;53.513;-114.052;"stony plain"
T7Z1X9;53.502;-114.033;"stony plain"
T7Z1Y1;53.534;-114;"stony plain"
T7Z1Y2;53.509;-114.024;"stony plain"
T7Z1Y3;53.511;-114.045;"stony plain"
T7Z1Y4;53.509;-114.006;"stony plain"
T7Z1Y5;53.522;-114.027;"stony plain"
T7Z1Y6;53.522;-114.027;"stony plain"
T7Z1Y7;53.527;-113.974;"stony plain"
T7Z1Y8;53.571;-113.983;"stony plain"
T7Z1Y9;53.578;-113.995;"stony plain"
T7Z1Z1;53.524;-113.983;"stony plain"
T7Z1Z2;53.498;-113.973;"stony plain"
T7Z1Z3;53.49;-113.959;"stony plain"
T7Z1Z4;53.471;-113.964;"stony plain"
T7Z1Z5;53.442;-113.958;"stony plain"
T7Z1Z6;53.409;-113.984;"stony plain"
T7Z1Z7;53.423;-113.927;"stony plain"
T7Z1Z8;53.412;-114.002;"stony plain"
T7Z1Z9;53.467;-113.975;"stony plain"
T7Z2A1;53.431;-113.981;"stony plain"
T7Z2A2;53.36;-113.976;"stony plain"
T7Z2A3;53.434;-113.957;"stony plain"
T7Z2A4;53.524;-113.983;"stony plain"
T7Z2A5;53.528;-113.962;"stony plain"
T7Z2A6;53.513;-113.985;"stony plain"
T7Z2A7;53.516;-113.986;"stony plain"
T7Z2A8;53.534;-114.002;"stony plain"
T7Z2A9;53.54;-113.976;"stony plain"
T7Z2B1;53.644;-114.064;"stony plain"
T7Z2B2;53.628;-114.015;"stony plain"
T7Z2B3;53.587;-114.051;"stony plain"
T7Z2B4;53.521;-114.031;"stony plain"
T7Z2B5;53.528;-114.002;"stony plain"
T7Z2B6;53.521;-114.031;"stony plain"
T7Z2B7;53.528;-114.002;"stony plain"
T7Z2B8;53.442;-114.1;"stony plain"
T7Z2B9;53.527;-114.013;"stony plain"
T7Z2C1;53.597;-114.104;"stony plain"
T7Z2C2;53.587;-114.088;"stony plain"
T7Z2C3;53.542;-114.097;"stony plain"
T7Z2C4;53.56;-114.077;"stony plain"
T7Z2C5;53.597;-114.104;"stony plain"
T7Z2C6;53.597;-114.104;"stony plain"
T7Z2C7;53.571;-114.114;"stony plain"
T7Z2C8;53.531;-114.137;"stony plain"
T7Z2C9;53.531;-114.137;"stony plain"
T7Z2E1;53.503;-114.051;"stony plain"
T7Z2E2;53.442;-114.1;"stony plain"
T7Z2E3;53.442;-114.1;"stony plain"
T7Z2E4;53.528;-114.002;"stony plain"
T7Z2E5;53.442;-114.1;"stony plain"
T7Z2E6;53.521;-114.031;"stony plain"
T7Z2E7;53.528;-114.002;"stony plain"
T7Z2E8;53.521;-114.031;"stony plain"
T7Z2E9;53.471;-114.088;"stony plain"
T7Z2G1;53.52;-114.015;"stony plain"
T7Z2G2;53.528;-114.002;"stony plain"
T7Z2G3;53.528;-114.002;"stony plain"
T7Z2G4;53.448;-114.186;"stony plain"
T7Z2G5;53.528;-114.002;"stony plain"
T7Z2G6;53.531;-114.137;"stony plain"
T7Z2G7;53.528;-114.002;"stony plain"
T7Z2G8;53.528;-114.002;"stony plain"
T7Z2G9;53.466;-114.162;"stony plain"
T7Z2H1;53.448;-114.186;"parkland"
T7Z2H2;53.53;-114.186;"stony plain"
T7Z2H3;53.512;-114.149;"stony plain"
T7Z2H4;53.528;-114.002;"stony plain"
T7Z2H5;53.528;-114.002;"stony plain"
T7Z2H6;53.528;-114.002;"stony plain"
T7Z2H7;53.528;-114.002;"stony plain"
T7Z2H8;53.512;-114.149;"stony plain"
T7Z2H9;53.512;-114.149;"stony plain"
T7Z2J1;53.512;-114.149;"stony plain"
T7Z2J2;53.528;-114.002;"stony plain"
T7Z2J3;53.528;-114.002;"stony plain"
T7Z2J4;53.528;-114.002;"stony plain"
T7Z2J5;53.528;-114.002;"stony plain"
T7Z2J6;53.535;-114.002;"stony plain"
T7Z2J7;53.533;-113.984;"stony plain"
T7Z2J8;53.521;-114.017;"stony plain"
T7Z2J9;53.521;-114.002;"stony plain"
T7Z2K0;53.522;-114;"stony plain"
T7Z2K1;53.528;-114.002;"stony plain"
T7Z2K2;53.528;-114.002;"stony plain"
T7Z2K3;53.528;-114.002;"stony plain"
T7Z2K4;53.528;-114.002;"stony plain"
T7Z2K5;53.528;-114.002;"stony plain"
T7Z2K6;53.528;-114.002;"stony plain"
T7Z2K7;53.515;-113.985;"stony plain"
T7Z2K8;53.529;-113.961;"stony plain"
T7Z2K9;53.483;-113.983;"stony plain"
T7Z2L1;53.506;-113.981;"stony plain"
T7Z2L2;53.528;-114.002;"stony plain"
T7Z2L3;53.528;-114.002;"stony plain"
T7Z2L4;53.528;-114.002;"stony plain"
T7Z2L5;53.506;-113.981;"stony plain"
T7Z2L6;53.531;-114.002;"stony plain"
T7Z2L7;53.528;-114.002;"stony plain"
T7Z2L8;53.528;-114.002;"stony plain"
T7Z2L9;53.528;-114.002;"stony plain"
T7Z2M1;53.528;-114.002;"stony plain"
T7Z2M2;53.528;-114.002;"stony plain"
T7Z2M3;53.528;-114.002;"stony plain"
T7Z2M4;53.425;-114.149;"stony plain"
T7Z2M5;53.528;-114.002;"stony plain"
T7Z2M6;53.521;-114.018;"stony plain"
T7Z2M7;53.538;-113.979;"stony plain"
T7Z2M8;53.527;-113.972;"stony plain"
T7Z2M9;53.515;-113.986;"stony plain"
T7Z2N1;53.528;-114.002;"stony plain"
T7Z2N2;53.528;-114.002;"stony plain"
T7Z2N3;53.524;-114.006;"stony plain"
T7Z2N4;53.522;-113.983;"stony plain"
T7Z2N5;53.528;-114.002;"stony plain"
T7Z2N6;53.528;-114.002;"stony plain"
T7Z2N7;53.522;-113.983;"stony plain"
T7Z2N8;53.538;-113.982;"stony plain"
T7Z2N9;53.528;-114.002;"stony plain"
T7Z2P1;53.528;-114.002;"stony plain"
T7Z2P2;53.528;-114.002;"stony plain"
T7Z2P3;53.534;-113.962;"stony plain"
T7Z2P4;53.536;-113.961;"stony plain"
T7Z2P5;53.528;-114.002;"stony plain"
T7Z2P6;53.528;-114.002;"stony plain"
T7Z2P7;53.528;-114.002;"stony plain"
T7Z2P8;53.516;-113.998;"stony plain"
T7Z2P9;53.534;-113.966;"stony plain"
T7Z2R1;53.528;-114.002;"stony plain"
T7Z2R2;53.528;-114.002;"stony plain"
T7Z2R3;53.528;-114.002;"stony plain"
T7Z2R4;53.533;-113.964;"stony plain"
T7Z2R5;53.528;-114.002;"stony plain"
T7Z2R6;53.528;-114.002;"stony plain"
T7Z2R7;53.498;-114.137;"stony plain"
T7Z2R8;53.528;-114.002;"stony plain"
T7Z2R9;53.528;-114.002;"stony plain"
T7Z2S1;53.514;-114.046;"stony plain"
T7Z2S2;53.513;-113.984;"stony plain"
T7Z2S3;53.514;-113.985;"stony plain"
T7Z2S4;53.536;-113.982;"stony plain"
T7Z2S5;53.535;-113.983;"stony plain"
T7Z2S6;53.537;-114.008;"stony plain"
T7Z2S7;53.537;-114.008;"stony plain"
T7Z2S8;53.524;-114.129;"spring lake"
T7Z2S9;53.523;-114.127;"spring lake"
T7Z2T1;53.521;-114.13;"spring lake"
T7Z2T2;53.52;-114.126;"spring lake"
T7Z2T3;53.518;-114.126;"spring lake"
T7Z2T4;53.518;-114.126;"spring lake"
T7Z2T5;53.517;-114.129;"spring lake"
T7Z2T6;53.515;-114.127;"spring lake"
T7Z2T7;53.513;-114.127;"spring lake"
T7Z2T8;53.526;-114.125;"spring lake"
T7Z2T9;53.511;-114.141;"spring lake"
T7Z2V1;53.511;-114.147;"spring lake"
T7Z2V2;53.517;-114.15;"spring lake"
T7Z2V3;53.522;-114.149;"spring lake"
T7Z2V4;53.52;-114.145;"spring lake"
T7Z2V5;53.515;-114.127;"spring lake"
T7Z2V6;53.52;-114.129;"spring lake"
T7Z2V7;53.521;-114.13;"spring lake"
T7Z2V8;53.517;-114.129;"spring lake"
T7Z2V9;53.526;-114.135;"spring lake"
T7Z2W0;53.528;-114.002;"stony plain"
T7Z2W1;53.511;-113.988;"stony plain"
T7Z2W2;53.514;-1